"doi","ReferencesId"
"10.1109/TVCG.2010.126","10.1109/INFVIS.2004.64"
"10.1109/TVCG.2010.126","10.1109/TVCG.2009.111"
"10.1109/TVCG.2010.129","10.1109/TVCG.2007.70541"
"10.1109/TVCG.2010.129","10.1109/TVCG.2008.166"
"10.1109/TVCG.2010.138","10.1109/VISUAL.1990.146402"
"10.1109/TVCG.2010.138","10.1109/TVCG.2006.147"
"10.1109/TVCG.2010.138","10.1109/INFVIS.2000.885086"
"10.1109/TVCG.2010.144","10.1109/INFVIS.2004.12"
"10.1109/TVCG.2010.144","10.1109/TVCG.2007.70577"
"10.1109/TVCG.2010.144","10.1109/TVCG.2007.70539"
"10.1109/TVCG.2010.144","10.1109/INFVIS.2004.64"
"10.1109/TVCG.2010.144","10.1109/INFVIS.2000.885086"
"10.1109/TVCG.2010.154","10.1109/INFVIS.2000.885098"
"10.1109/TVCG.2010.154","10.1109/INFVIS.2005.1532126"
"10.1109/TVCG.2010.154","10.1109/TVCG.2006.147"
"10.1109/TVCG.2010.154","10.1109/INFVIS.1995.528686"
"10.1109/TVCG.2010.159","10.1109/INFVIS.2002.1173156"
"10.1109/TVCG.2010.161","10.1109/TVCG.2007.70577"
"10.1109/TVCG.2010.162","10.1109/TVCG.2008.166"
"10.1109/TVCG.2010.162","10.1109/TVCG.2007.70535"
"10.1109/TVCG.2010.162","10.1109/INFVIS.1999.801851"
"10.1109/TVCG.2010.162","10.1109/TVCG.2008.125"
"10.1109/TVCG.2010.164","10.1109/TVCG.2007.70515"
"10.1109/TVCG.2010.164","10.1109/TVCG.2007.70541"
"10.1109/TVCG.2010.164","10.1109/TVCG.2007.70577"
"10.1109/TVCG.2010.164","10.1109/VAST.2008.4677365"
"10.1109/TVCG.2010.164","10.1109/TVCG.2007.70535"
"10.1109/TVCG.2010.164","10.1109/INFVIS.2005.1532136"
"10.1109/TVCG.2010.164","10.1109/INFVIS.1998.729560"
"10.1109/TVCG.2010.164","10.1109/TVCG.2007.70594"
"10.1109/TVCG.2010.164","10.1109/INFVIS.2000.885086"
"10.1109/TVCG.2010.164","10.1109/INFVIS.2000.885092"
"10.1109/TVCG.2010.164","10.1109/TVCG.2008.137"
"10.1109/TVCG.2010.174","10.1109/TVCG.2008.125"
"10.1109/TVCG.2010.175","10.1109/TVCG.2007.70541"
"10.1109/TVCG.2010.175","10.1109/TVCG.2007.70515"
"10.1109/TVCG.2010.176","10.1109/VISUAL.1999.809866"
"10.1109/TVCG.2010.176","10.1109/TVCG.2006.170"
"10.1109/TVCG.2010.176","10.1109/VISUAL.1994.346302"
"10.1109/TVCG.2010.176","10.1109/TVCG.2008.153"
"10.1109/TVCG.2010.177","10.1109/TVCG.2007.70515"
"10.1109/TVCG.2010.177","10.1109/VAST.2008.4677365"
"10.1109/TVCG.2010.179","10.1109/TVCG.2007.70577"
"10.1109/TVCG.2010.179","10.1109/TVCG.2007.70539"
"10.1109/TVCG.2010.179","10.1109/TVCG.2008.137"
"10.1109/TVCG.2010.184","10.1109/INFVIS.2005.1532142"
"10.1109/TVCG.2010.184","10.1109/VISUAL.1990.146402"
"10.1109/TVCG.2010.184","10.1109/INFVIS.2005.1532136"
"10.1109/TVCG.2010.184","10.1109/INFVIS.1998.729559"
"10.1109/TVCG.2010.185","10.1109/VISUAL.1991.175815"
"10.1109/TVCG.2010.185","10.1109/INFVIS.2002.1173148"
"10.1109/TVCG.2010.185","10.1109/INFVIS.1997.636718"
"10.1109/TVCG.2010.186","10.1109/INFVIS.2000.885091"
"10.1109/TVCG.2010.191","10.1109/TVCG.2007.70539"
"10.1109/TVCG.2010.194","10.1109/INFVIS.2005.1532122"
"10.1109/TVCG.2010.197","10.1109/INFVIS.2005.1532138"
"10.1109/TVCG.2010.197","10.1109/VISUAL.1991.175815"
"10.1109/TVCG.2010.197","10.1109/INFVIS.2005.1532122"
"10.1109/TVCG.2010.197","10.1109/INFVIS.2000.885098"
"10.1109/TVCG.2010.205","10.1109/INFVIS.2005.1532142"
"10.1109/TVCG.2010.205","10.1109/TVCG.2008.153"
"10.1109/TVCG.2010.206","10.1109/TVCG.2008.166"
"10.1109/TVCG.2010.206","10.1109/TVCG.2007.70541"
"10.1109/TVCG.2010.206","10.1109/INFVIS.1999.801851"
"10.1109/TVCG.2010.210","10.1109/TVCG.2007.70582"
"10.1109/TVCG.2010.210","10.1109/INFVIS.2005.1532126"
"10.1109/TVCG.2010.210","10.1109/TVCG.2009.122"
"10.1109/TVCG.2010.210","10.1109/TVCG.2006.166"
"10.1109/TVCG.2010.210","10.1109/TVCG.2008.153"
"10.1109/TVCG.2010.216","10.1109/VISUAL.1990.146402"
"10.1109/TVCG.2010.216","10.1109/VISUAL.1990.146386"
"10.1109/TVCG.2010.216","10.1109/INFVIS.2004.15"
"10.1109/TVCG.2010.216","10.1109/INFVIS.2002.1173157"
"10.1109/TVCG.2010.216","10.1109/VISUAL.1991.175815"
"10.1109/TVCG.2010.216","10.1109/VISUAL.1999.809866"
"10.1109/TVCG.2010.222","10.1109/INFVIS.2004.12"
"10.1109/TVCG.2010.222","10.1109/TVCG.2007.70577"
"10.1109/TVCG.2010.222","10.1109/INFVIS.2000.885086"
"10.1109/VAST.2010.5652392","10.1109/VISUAL.1994.346302"
"10.1109/VAST.2010.5652392","10.1109/TVCG.2009.153"
"10.1109/VAST.2010.5652398","10.1109/TVCG.2007.70515"
"10.1109/VAST.2010.5652398","10.1109/INFVIS.1998.729559"
"10.1109/VAST.2010.5652398","10.1109/INFVIS.2000.885086"
"10.1109/VAST.2010.5652398","10.1109/VISUAL.1994.346302"
"10.1109/VAST.2010.5652398","10.1109/TVCG.2008.153"
"10.1109/VAST.2010.5652433","10.1109/INFVIS.2005.1532142"
"10.1109/VAST.2010.5652443","10.1109/TVCG.2009.153"
"10.1109/VAST.2010.5652460","10.1109/TVCG.2006.166"
"10.1109/VAST.2010.5652460","10.1109/TVCG.2008.153"
"10.1109/VAST.2010.5652478","10.1109/INFVIS.1999.801851"
"10.1109/VAST.2010.5652520","10.1109/TVCG.2008.137"
"10.1109/VAST.2010.5652520","10.1109/INFVIS.2004.12"
"10.1109/VAST.2010.5652520","10.1109/VISUAL.1994.346302"
"10.1109/VAST.2010.5652520","10.1109/INFVIS.1998.729560"
"10.1109/VAST.2010.5652520","10.1109/TVCG.2007.70582"
"10.1109/VAST.2010.5652520","10.1109/TVCG.2007.70594"
"10.1109/VAST.2010.5652520","10.1109/VAST.2007.4389006"
"10.1109/VAST.2010.5652520","10.1109/INFVIS.2004.64"
"10.1109/VAST.2010.5652530","10.1109/INFVIS.1999.801851"
"10.1109/VAST.2010.5652879","10.1109/TVCG.2008.137"
"10.1109/VAST.2010.5652879","10.1109/VAST.2008.4677365"
"10.1109/VAST.2010.5652879","10.1109/TVCG.2007.70577"
"10.1109/VAST.2010.5652880","10.1109/VAST.2007.4389006"
"10.1109/VAST.2010.5652880","10.1109/TVCG.2007.70577"
"10.1109/VAST.2010.5652885","10.1109/VISUAL.1990.146375"
"10.1109/VAST.2010.5652885","10.1109/INFVIS.2005.1532136"
"10.1109/VAST.2010.5652885","10.1109/TVCG.2007.70541"
"10.1109/VAST.2010.5652885","10.1109/VAST.2008.4677365"
"10.1109/VAST.2010.5652885","10.1109/TVCG.2007.70577"
"10.1109/VAST.2010.5652910","10.1109/VAST.2007.4389006"
"10.1109/VAST.2010.5652931","10.1109/TVCG.2008.166"
"10.1109/VAST.2010.5652931","10.1109/VAST.2007.4389006"
"10.1109/VAST.2010.5652931","10.1109/INFVIS.2005.1532122"
"10.1109/VAST.2010.5652932","10.1109/VAST.2007.4389006"
"10.1109/VAST.2010.5652932","10.1109/TVCG.2007.70577"
"10.1109/VAST.2010.5652940","10.1109/VISUAL.1990.146402"
"10.1109/VAST.2010.5652940","10.1109/INFVIS.1995.528686"
"10.1109/VAST.2010.5653598","10.1109/TVCG.2008.137"
"10.1109/VAST.2010.5653598","10.1109/VAST.2008.4677365"
"10.1109/VAST.2010.5653599","10.1109/TVCG.2007.70515"
"10.1109/TVCG.2010.132","10.1109/TVCG.2007.70515"
"10.1109/TVCG.2010.132","10.1109/TVCG.2007.70535"
"10.1109/TVCG.2010.132","10.1109/INFVIS.2000.885092"
"10.1109/TVCG.2010.132","10.1109/VISUAL.1990.146375"
"10.1109/TVCG.2010.139","10.1109/VISUAL.1997.663875"
"10.1109/TVCG.2010.145","10.1109/VISUAL.1998.745713"
"10.1109/TVCG.2010.145","10.1109/VISUAL.2000.885683"
"10.1109/TVCG.2010.145","10.1109/VISUAL.2003.1250384"
"10.1109/TVCG.2010.146","10.1109/VISUAL.1999.809896"
"10.1109/TVCG.2010.147","10.1109/VISUAL.2003.1250414"
"10.1109/TVCG.2010.148","10.1109/VISUAL.2003.1250384"
"10.1109/TVCG.2010.152","10.1109/VISUAL.2003.1250414"
"10.1109/TVCG.2010.155","10.1109/VISUAL.1994.346331"
"10.1109/TVCG.2010.155","10.1109/VISUAL.2003.1250384"
"10.1109/TVCG.2010.157","10.1109/TVCG.2007.70515"
"10.1109/TVCG.2010.160","10.1109/VISUAL.1994.346331"
"10.1109/TVCG.2010.166","10.1109/VISUAL.1999.809905"
"10.1109/TVCG.2010.169","10.1109/VISUAL.1992.235211"
"10.1109/TVCG.2010.170","10.1109/VISUAL.1992.235211"
"10.1109/TVCG.2010.171","10.1109/INFVIS.2002.1173157"
"10.1109/TVCG.2010.173","10.1109/VISUAL.2003.1250414"
"10.1109/TVCG.2010.173","10.1109/VISUAL.1992.235211"
"10.1109/TVCG.2010.173","10.1109/VISUAL.2000.885694"
"10.1109/TVCG.2010.182","10.1109/VISUAL.1991.175782"
"10.1109/TVCG.2010.182","10.1109/VISUAL.1997.663875"
"10.1109/TVCG.2010.187","10.1109/VISUAL.2000.885683"
"10.1109/TVCG.2010.187","10.1109/VISUAL.2000.885694"
"10.1109/TVCG.2010.190","10.1109/INFVIS.1998.729559"
"10.1109/TVCG.2010.190","10.1109/TVCG.2009.153"
"10.1109/TVCG.2010.192","10.1109/VISUAL.1990.146402"
"10.1109/TVCG.2010.198","10.1109/VISUAL.1999.809896"
"10.1109/TVCG.2010.198","10.1109/VISUAL.1992.235211"
"10.1109/TVCG.2010.199","10.1109/VISUAL.1999.809905"
"10.1109/TVCG.2010.199","10.1109/VISUAL.1998.745294"
"10.1109/TVCG.2010.199","10.1109/VISUAL.1991.175773"
"10.1109/TVCG.2010.199","10.1109/VISUAL.1993.398849"
"10.1109/TVCG.2010.199","10.1109/VISUAL.2003.1250414"
"10.1109/TVCG.2010.199","10.1109/VISUAL.1994.346326"
"10.1109/TVCG.2010.207","10.1109/TVCG.2008.153"
"10.1109/TVCG.2010.211","10.1109/VISUAL.1994.346331"
"10.1109/TVCG.2010.223","10.1109/INFVIS.2004.12"
"10.1109/TVCG.2010.223","10.1109/TVCG.2007.70539"
"10.1109/TVCG.2011.160","10.1109/TVCG.2007.70577"
"10.1109/TVCG.2011.163","10.1109/VISUAL.1990.146402"
"10.1109/TVCG.2011.163","10.1109/INFVIS.2005.1532138"
"10.1109/TVCG.2011.163","10.1109/VISUAL.1999.809866"
"10.1109/TVCG.2011.163","10.1109/TVCG.2006.170"
"10.1109/TVCG.2011.166","10.1109/INFVIS.2002.1173157"
"10.1109/TVCG.2011.166","10.1109/TVCG.2007.70535"
"10.1109/TVCG.2011.166","10.1109/VISUAL.1999.809866"
"10.1109/TVCG.2011.166","10.1109/VISUAL.1990.146402"
"10.1109/TVCG.2011.166","10.1109/INFVIS.2005.1532138"
"10.1109/TVCG.2011.166","10.1109/TVCG.2006.170"
"10.1109/TVCG.2011.169","10.1109/TVCG.2007.70582"
"10.1109/TVCG.2011.175","10.1109/TVCG.2008.125"
"10.1109/TVCG.2011.175","10.1109/TVCG.2007.70539"
"10.1109/TVCG.2011.175","10.1109/TVCG.2009.111"
"10.1109/TVCG.2011.176","10.1109/TVCG.2008.153"
"10.1109/TVCG.2011.178","10.1109/INFVIS.2000.885086"
"10.1109/TVCG.2011.178","10.1109/VISUAL.1994.346302"
"10.1109/TVCG.2011.178","10.1109/VISUAL.1995.485139"
"10.1109/TVCG.2011.179","10.1109/TVCG.2007.70539"
"10.1109/TVCG.2011.183","10.1109/TVCG.2006.147"
"10.1109/TVCG.2011.183","10.1109/TVCG.2009.122"
"10.1109/TVCG.2011.183","10.1109/VISUAL.1995.485139"
"10.1109/TVCG.2011.183","10.1109/TVCG.2006.166"
"10.1109/TVCG.2011.185","10.1109/INFVIS.2000.885091"
"10.1109/TVCG.2011.185","10.1109/INFVIS.2000.885098"
"10.1109/TVCG.2011.185","10.1109/INFVIS.2004.12"
"10.1109/TVCG.2011.185","10.1109/INFVIS.2005.1532122"
"10.1109/TVCG.2011.185","10.1109/TVCG.2008.166"
"10.1109/TVCG.2011.185","10.1109/INFVIS.2004.64"
"10.1109/TVCG.2011.185","10.1109/TVCG.2007.70539"
"10.1109/TVCG.2011.186","10.1109/TVCG.2009.122"
"10.1109/TVCG.2011.186","10.1109/INFVIS.2005.1532126"
"10.1109/TVCG.2011.187","10.1109/INFVIS.2004.1"
"10.1109/TVCG.2011.187","10.1109/TVCG.2007.70582"
"10.1109/TVCG.2011.188","10.1109/TVCG.2006.147"
"10.1109/TVCG.2011.188","10.1109/VISUAL.1995.485141"
"10.1109/TVCG.2011.188","10.1109/TVCG.2007.70582"
"10.1109/TVCG.2011.188","10.1109/VISUAL.1990.146402"
"10.1109/TVCG.2011.188","10.1109/INFVIS.1998.729559"
"10.1109/TVCG.2011.188","10.1109/VISUAL.1999.809866"
"10.1109/TVCG.2011.188","10.1109/TVCG.2008.153"
"10.1109/TVCG.2011.188","10.1109/TVCG.2009.153"
"10.1109/TVCG.2011.190","10.1109/TVCG.2007.70582"
"10.1109/TVCG.2011.190","10.1109/TVCG.2007.70535"
"10.1109/TVCG.2011.190","10.1109/TVCG.2006.147"
"10.1109/TVCG.2011.191","10.1109/INFVIS.2004.66"
"10.1109/TVCG.2011.192","10.1109/INFVIS.2005.1532136"
"10.1109/TVCG.2011.195","10.1109/INFVIS.1999.801851"
"10.1109/TVCG.2011.196","10.1109/TVCG.2007.70541"
"10.1109/TVCG.2011.197","10.1109/VISUAL.1999.809866"
"10.1109/TVCG.2011.197","10.1109/TVCG.2007.70515"
"10.1109/TVCG.2011.197","10.1109/INFVIS.2004.12"
"10.1109/TVCG.2011.201","10.1109/INFVIS.2005.1532142"
"10.1109/TVCG.2011.201","10.1109/INFVIS.2005.1532136"
"10.1109/TVCG.2011.201","10.1109/INFVIS.2002.1173157"
"10.1109/TVCG.2011.201","10.1109/TVCG.2006.170"
"10.1109/TVCG.2011.201","10.1109/TVCG.2008.153"
"10.1109/TVCG.2011.202","10.1109/INFVIS.2005.1532150"
"10.1109/TVCG.2011.202","10.1109/TVCG.2006.147"
"10.1109/TVCG.2011.212","10.1109/INFVIS.2002.1173148"
"10.1109/TVCG.2011.213","10.1109/TVCG.2007.70582"
"10.1109/TVCG.2011.213","10.1109/INFVIS.2004.66"
"10.1109/TVCG.2011.213","10.1109/TVCG.2006.166"
"10.1109/TVCG.2011.223","10.1109/TVCG.2006.147"
"10.1109/TVCG.2011.223","10.1109/INFVIS.2005.1532150"
"10.1109/TVCG.2011.223","10.1109/INFVIS.2004.66"
"10.1109/TVCG.2011.226","10.1109/VISUAL.1990.146402"
"10.1109/TVCG.2011.226","10.1109/INFVIS.2005.1532138"
"10.1109/TVCG.2011.226","10.1109/TVCG.2006.147"
"10.1109/TVCG.2011.227","10.1109/TVCG.2007.70594"
"10.1109/TVCG.2011.227","10.1109/INFVIS.2000.885091"
"10.1109/TVCG.2011.227","10.1109/VISUAL.1990.146386"
"10.1109/TVCG.2011.227","10.1109/INFVIS.2005.1532142"
"10.1109/TVCG.2011.229","10.1109/INFVIS.2004.15"
"10.1109/TVCG.2011.229","10.1109/TVCG.2007.70515"
"10.1109/TVCG.2011.229","10.1109/INFVIS.2005.1532142"
"10.1109/TVCG.2011.229","10.1109/VISUAL.1990.146402"
"10.1109/TVCG.2011.229","10.1109/VISUAL.1990.146386"
"10.1109/TVCG.2011.229","10.1109/TVCG.2007.70535"
"10.1109/TVCG.2011.229","10.1109/INFVIS.1998.729559"
"10.1109/TVCG.2011.229","10.1109/INFVIS.2000.885092"
"10.1109/TVCG.2011.229","10.1109/TVCG.2009.153"
"10.1109/TVCG.2011.232","10.1109/INFVIS.2002.1173156"
"10.1109/TVCG.2011.233","10.1109/TVCG.2006.147"
"10.1109/TVCG.2011.233","10.1109/TVCG.2007.70535"
"10.1109/TVCG.2011.233","10.1109/INFVIS.2005.1532150"
"10.1109/TVCG.2011.237","10.1109/INFVIS.2005.1532142"
"10.1109/TVCG.2011.237","10.1109/VISUAL.1994.346302"
"10.1109/TVCG.2011.237","10.1109/INFVIS.2004.15"
"10.1109/TVCG.2011.237","10.1109/TVCG.2008.153"
"10.1109/TVCG.2011.239","10.1109/TVCG.2008.166"
"10.1109/TVCG.2011.239","10.1109/INFVIS.2005.1532122"
"10.1109/TVCG.2011.247","10.1109/INFVIS.2004.1"
"10.1109/TVCG.2011.247","10.1109/INFVIS.2000.885091"
"10.1109/TVCG.2011.247","10.1109/TVCG.2006.166"
"10.1109/TVCG.2011.247","10.1109/TVCG.2006.147"
"10.1109/TVCG.2011.250","10.1109/TVCG.2007.70582"
"10.1109/TVCG.2011.250","10.1109/TVCG.2006.147"
"10.1109/TVCG.2011.250","10.1109/TVCG.2006.166"
"10.1109/TVCG.2011.251","10.1109/TVCG.2007.70535"
"10.1109/TVCG.2011.251","10.1109/INFVIS.2002.1173148"
"10.1109/TVCG.2011.251","10.1109/VISUAL.1991.175815"
"10.1109/TVCG.2011.253","10.1109/VISUAL.2005.1532788"
"10.1109/TVCG.2011.253","10.1109/VISUAL.1991.175815"
"10.1109/TVCG.2011.255","10.1109/TVCG.2007.70577"
"10.1109/TVCG.2011.255","10.1109/TVCG.2009.111"
"10.1109/VAST.2011.6102435","10.1109/VAST.2007.4389006"
"10.1109/VAST.2011.6102435","10.1109/TVCG.2007.70515"
"10.1109/VAST.2011.6102435","10.1109/TVCG.2007.70535"
"10.1109/VAST.2011.6102435","10.1109/TVCG.2007.70594"
"10.1109/VAST.2011.6102437","10.1109/INFVIS.2005.1532142"
"10.1109/VAST.2011.6102437","10.1109/TVCG.2009.153"
"10.1109/VAST.2011.6102438","10.1109/TVCG.2009.111"
"10.1109/VAST.2011.6102438","10.1109/VAST.2007.4389006"
"10.1109/VAST.2011.6102440","10.1109/TVCG.2007.70582"
"10.1109/VAST.2011.6102440","10.1109/TVCG.2006.166"
"10.1109/VAST.2011.6102440","10.1109/INFVIS.2000.885086"
"10.1109/VAST.2011.6102440","10.1109/VAST.2007.4389006"
"10.1109/VAST.2011.6102441","10.1109/TVCG.2007.70582"
"10.1109/VAST.2011.6102441","10.1109/TVCG.2006.166"
"10.1109/VAST.2011.6102441","10.1109/INFVIS.2000.885086"
"10.1109/VAST.2011.6102442","10.1109/TVCG.2007.70582"
"10.1109/VAST.2011.6102443","10.1109/TVCG.2007.70582"
"10.1109/VAST.2011.6102443","10.1109/INFVIS.2005.1532126"
"10.1109/VAST.2011.6102443","10.1109/TVCG.2006.166"
"10.1109/VAST.2011.6102446","10.1109/INFVIS.2004.12"
"10.1109/VAST.2011.6102446","10.1109/INFVIS.2004.64"
"10.1109/VAST.2011.6102446","10.1109/INFVIS.1998.729560"
"10.1109/VAST.2011.6102446","10.1109/INFVIS.2002.1173148"
"10.1109/VAST.2011.6102447","10.1109/TVCG.2007.70541"
"10.1109/VAST.2011.6102447","10.1109/TVCG.2007.70577"
"10.1109/VAST.2011.6102447","10.1109/VAST.2008.4677365"
"10.1109/VAST.2011.6102447","10.1109/TVCG.2006.166"
"10.1109/VAST.2011.6102448","10.1109/TVCG.2009.153"
"10.1109/VAST.2011.6102448","10.1109/TVCG.2008.153"
"10.1109/VAST.2011.6102451","10.1109/TVCG.2007.70515"
"10.1109/VAST.2011.6102451","10.1109/VISUAL.1994.346302"
"10.1109/VAST.2011.6102451","10.1109/INFVIS.1998.729559"
"10.1109/VAST.2011.6102451","10.1109/INFVIS.2000.885086"
"10.1109/VAST.2011.6102453","10.1109/TVCG.2008.166"
"10.1109/VAST.2011.6102455","10.1109/INFVIS.2004.27"
"10.1109/VAST.2011.6102457","10.1109/TVCG.2008.137"
"10.1109/VAST.2011.6102457","10.1109/TVCG.2007.70594"
"10.1109/VAST.2011.6102457","10.1109/INFVIS.2000.885086"
"10.1109/VAST.2011.6102458","10.1109/INFVIS.2005.1532126"
"10.1109/VAST.2011.6102458","10.1109/INFVIS.2004.1"
"10.1109/VAST.2011.6102460","10.1109/INFVIS.1999.801851"
"10.1109/VAST.2011.6102460","10.1109/VAST.2007.4389006"
"10.1109/VAST.2011.6102461","10.1109/INFVIS.2000.885098"
"10.1109/VAST.2011.6102462","10.1109/INFVIS.2000.885091"
"10.1109/VAST.2011.6102462","10.1109/VAST.2007.4389006"
"10.1109/VAST.2011.6102462","10.1109/INFVIS.2004.64"
"10.1109/VAST.2011.6102463","10.1109/TVCG.2008.137"
"10.1109/VAST.2011.6102463","10.1109/TVCG.2009.111"
"10.1109/VAST.2011.6102463","10.1109/TVCG.2007.70515"
"10.1109/VAST.2011.6102463","10.1109/VAST.2008.4677365"
"10.1109/TVCG.2011.162","10.1109/VISUAL.1993.398877"
"10.1109/TVCG.2011.170","10.1109/VISUAL.1993.398849"
"10.1109/TVCG.2011.170","10.1109/VISUAL.1998.745294"
"10.1109/TVCG.2011.170","10.1109/VISUAL.1999.809905"
"10.1109/TVCG.2011.170","10.1109/VISUAL.1994.346326"
"10.1109/TVCG.2011.173","10.1109/VISUAL.2003.1250414"
"10.1109/TVCG.2011.194","10.1109/VISUAL.1990.146386"
"10.1109/TVCG.2011.194","10.1109/VISUAL.1999.809905"
"10.1109/TVCG.2011.194","10.1109/VISUAL.1998.745294"
"10.1109/TVCG.2011.198","10.1109/VISUAL.2003.1250384"
"10.1109/TVCG.2011.199","10.1109/VISUAL.1997.663875"
"10.1109/TVCG.2011.200","10.1109/VISUAL.1999.809896"
"10.1109/TVCG.2011.203","10.1109/VISUAL.1993.398849"
"10.1109/TVCG.2011.207","10.1109/VISUAL.2000.885694"
"10.1109/TVCG.2011.208","10.1109/INFVIS.2004.27"
"10.1109/TVCG.2011.211","10.1109/VISUAL.2003.1250384"
"10.1109/TVCG.2011.215","10.1109/VISUAL.1993.398849"
"10.1109/TVCG.2011.217","10.1109/TVCG.2006.147"
"10.1109/TVCG.2011.218","10.1109/VISUAL.2003.1250414"
"10.1109/TVCG.2011.225","10.1109/INFVIS.2004.12"
"10.1109/TVCG.2011.230","10.1109/VISUAL.1994.346331"
"10.1109/TVCG.2011.248","10.1109/VISUAL.1994.346302"
"10.1109/TVCG.2011.252","10.1109/VISUAL.1991.175782"
"10.1109/TVCG.2011.254","10.1109/VISUAL.1994.346326"
"10.1109/TVCG.2011.261","10.1109/VISUAL.2003.1250414"
"10.1109/TVCG.2011.261","10.1109/VISUAL.2000.885694"
"10.1109/TVCG.2011.261","10.1109/VISUAL.1997.663875"
"10.1109/TVCG.2012.189","10.1109/TVCG.2006.147"
"10.1109/TVCG.2012.189","10.1109/INFVIS.2005.1532136"
"10.1109/TVCG.2012.189","10.1109/TVCG.2006.166"
"10.1109/TVCG.2012.199","10.1109/TVCG.2009.122"
"10.1109/TVCG.2012.204","10.1109/TVCG.2007.70515"
"10.1109/TVCG.2012.204","10.1109/TVCG.2007.70582"
"10.1109/TVCG.2012.204","10.1109/INFVIS.2005.1532122"
"10.1109/TVCG.2012.204","10.1109/INFVIS.1998.729560"
"10.1109/TVCG.2012.205","10.1109/VISUAL.1991.175815"
"10.1109/TVCG.2012.205","10.1109/VISUAL.1990.146386"
"10.1109/TVCG.2012.205","10.1109/INFVIS.1998.729560"
"10.1109/TVCG.2012.208","10.1109/TVCG.2007.70582"
"10.1109/TVCG.2012.208","10.1109/INFVIS.2004.1"
"10.1109/TVCG.2012.208","10.1109/INFVIS.2005.1532126"
"10.1109/TVCG.2012.208","10.1109/TVCG.2006.147"
"10.1109/TVCG.2012.212","10.1109/TVCG.2008.166"
"10.1109/TVCG.2012.212","10.1109/TVCG.2011.239"
"10.1109/TVCG.2012.212","10.1109/TVCG.2007.70535"
"10.1109/TVCG.2012.212","10.1109/TVCG.2008.125"
"10.1109/TVCG.2012.213","10.1109/INFVIS.2005.1532136"
"10.1109/TVCG.2012.213","10.1109/TVCG.2009.111"
"10.1109/TVCG.2012.215","10.1109/VISUAL.1990.146402"
"10.1109/TVCG.2012.221","10.1109/TVCG.2007.70541"
"10.1109/TVCG.2012.221","10.1109/TVCG.2007.70577"
"10.1109/TVCG.2012.221","10.1109/TVCG.2009.122"
"10.1109/TVCG.2012.225","10.1109/INFVIS.2005.1532150"
"10.1109/TVCG.2012.226","10.1109/TVCG.2009.122"
"10.1109/TVCG.2012.229","10.1109/TVCG.2009.122"
"10.1109/TVCG.2012.230","10.1109/TVCG.2009.111"
"10.1109/TVCG.2012.237","10.1109/TVCG.2007.70515"
"10.1109/TVCG.2012.237","10.1109/INFVIS.2002.1173157"
"10.1109/TVCG.2012.237","10.1109/TVCG.2007.70582"
"10.1109/TVCG.2012.237","10.1109/TVCG.2008.153"
"10.1109/TVCG.2012.238","10.1109/INFVIS.2005.1532150"
"10.1109/TVCG.2012.238","10.1109/TVCG.2006.147"
"10.1109/TVCG.2012.238","10.1109/INFVIS.2004.66"
"10.1109/TVCG.2012.250","10.1109/INFVIS.1997.636718"
"10.1109/TVCG.2012.250","10.1109/TVCG.2006.147"
"10.1109/TVCG.2012.252","10.1109/VAST.2007.4389006"
"10.1109/TVCG.2012.252","10.1109/TVCG.2007.70539"
"10.1109/TVCG.2012.253","10.1109/TVCG.2008.166"
"10.1109/TVCG.2012.253","10.1109/INFVIS.2000.885098"
"10.1109/TVCG.2012.253","10.1109/TVCG.2007.70535"
"10.1109/TVCG.2012.253","10.1109/INFVIS.1999.801851"
"10.1109/TVCG.2012.253","10.1109/INFVIS.2005.1532122"
"10.1109/TVCG.2012.253","10.1109/TVCG.2011.239"
"10.1109/TVCG.2012.255","10.1109/INFVIS.2004.12"
"10.1109/TVCG.2012.255","10.1109/TVCG.2007.70582"
"10.1109/TVCG.2012.255","10.1109/TVCG.2009.111"
"10.1109/TVCG.2012.255","10.1109/INFVIS.2005.1532126"
"10.1109/TVCG.2012.255","10.1109/TVCG.2012.213"
"10.1109/TVCG.2012.256","10.1109/INFVIS.2005.1532142"
"10.1109/TVCG.2012.256","10.1109/INFVIS.2000.885086"
"10.1109/TVCG.2012.256","10.1109/VISUAL.1994.346302"
"10.1109/TVCG.2012.256","10.1109/VISUAL.1999.809866"
"10.1109/TVCG.2012.256","10.1109/TVCG.2009.153"
"10.1109/TVCG.2012.263","10.1109/TVCG.2011.185"
"10.1109/TVCG.2012.263","10.1109/TVCG.2007.70577"
"10.1109/TVCG.2012.264","10.1109/INFVIS.1995.528686"
"10.1109/TVCG.2012.264","10.1109/VISUAL.2000.885694"
"10.1109/TVCG.2012.265","10.1109/INFVIS.2004.27"
"10.1109/TVCG.2012.271","10.1109/VISUAL.1995.485141"
"10.1109/TVCG.2012.272","10.1109/INFVIS.1997.636718"
"10.1109/TVCG.2012.272","10.1109/TVCG.2009.111"
"10.1109/TVCG.2012.272","10.1109/TVCG.2007.70539"
"10.1109/TVCG.2012.272","10.1109/INFVIS.2002.1173148"
"10.1109/TVCG.2012.272","10.1109/TVCG.2007.70541"
"10.1109/TVCG.2012.285","10.1109/TVCG.2008.137"
"10.1109/TVCG.2012.286","10.1109/INFVIS.2004.66"
"10.1109/TVCG.2012.291","10.1109/TVCG.2006.147"
"10.1109/TVCG.2012.291","10.1109/INFVIS.2000.885098"
"10.1109/TVCG.2012.291","10.1109/TVCG.2007.70535"
"10.1109/TVCG.2012.291","10.1109/TVCG.2008.125"
"10.1109/TVCG.2012.219","10.1109/TVCG.2008.137"
"10.1109/TVCG.2012.219","10.1109/VAST.2008.4677365"
"10.1109/TVCG.2012.219","10.1109/INFVIS.2005.1532136"
"10.1109/TVCG.2012.224","10.1109/VAST.2007.4389006"
"10.1109/TVCG.2012.254","10.1109/INFVIS.2002.1173156"
"10.1109/TVCG.2012.254","10.1109/INFVIS.2002.1173157"
"10.1109/TVCG.2012.258","10.1109/INFVIS.1998.729559"
"10.1109/TVCG.2012.260","10.1109/INFVIS.1995.528686"
"10.1109/TVCG.2012.260","10.1109/VAST.2007.4389006"
"10.1109/TVCG.2012.273","10.1109/TVCG.2007.70515"
"10.1109/TVCG.2012.276","10.1109/INFVIS.2005.1532150"
"10.1109/TVCG.2012.277","10.1109/VAST.2007.4389006"
"10.1109/VAST.2012.6400485","10.1109/TVCG.2011.239"
"10.1109/VAST.2012.6400485","10.1109/TVCG.2011.185"
"10.1109/VAST.2012.6400485","10.1109/VAST.2007.4389006"
"10.1109/VAST.2012.6400485","10.1109/INFVIS.2000.885098"
"10.1109/VAST.2012.6400486","10.1109/VISUAL.1990.146402"
"10.1109/VAST.2012.6400487","10.1109/INFVIS.2005.1532142"
"10.1109/VAST.2012.6400487","10.1109/INFVIS.2004.15"
"10.1109/VAST.2012.6400487","10.1109/INFVIS.1998.729559"
"10.1109/VAST.2012.6400487","10.1109/TVCG.2009.153"
"10.1109/VAST.2012.6400488","10.1109/INFVIS.2005.1532142"
"10.1109/VAST.2012.6400488","10.1109/TVCG.2009.153"
"10.1109/VAST.2012.6400489","10.1109/INFVIS.2005.1532138"
"10.1109/VAST.2012.6400489","10.1109/VISUAL.1999.809866"
"10.1109/VAST.2012.6400489","10.1109/TVCG.2006.170"
"10.1109/VAST.2012.6400489","10.1109/INFVIS.2000.885086"
"10.1109/VAST.2012.6400489","10.1109/INFVIS.2004.15"
"10.1109/VAST.2012.6400489","10.1109/TVCG.2008.153"
"10.1109/VAST.2012.6400489","10.1109/VISUAL.1990.146402"
"10.1109/VAST.2012.6400490","10.1109/VAST.2007.4389006"
"10.1109/VAST.2012.6400490","10.1109/INFVIS.2005.1532142"
"10.1109/VAST.2012.6400491","10.1109/INFVIS.1999.801851"
"10.1109/VAST.2012.6400491","10.1109/INFVIS.1999.801851"
"10.1109/VAST.2012.6400491","10.1109/VAST.2007.4389006"
"10.1109/VAST.2012.6400491","10.1109/TVCG.2007.70539"
"10.1109/VAST.2012.6400493","10.1109/TVCG.2007.70515"
"10.1109/VAST.2012.6400493","10.1109/INFVIS.2004.12"
"10.1109/VAST.2012.6400493","10.1109/VISUAL.1994.346302"
"10.1109/VAST.2012.6400493","10.1109/INFVIS.1998.729559"
"10.1109/VAST.2012.6400494","10.1109/VISUAL.1991.175815"
"10.1109/VAST.2012.6400552","10.1109/TVCG.2007.70539"
"10.1109/VAST.2012.6400552","10.1109/TVCG.2008.125"
"10.1109/VAST.2012.6400552","10.1109/INFVIS.2000.885092"
"10.1109/VAST.2012.6400553","10.1109/INFVIS.2000.885098"
"10.1109/VAST.2012.6400553","10.1109/INFVIS.2004.27"
"10.1109/VAST.2012.6400553","10.1109/TVCG.2009.153"
"10.1109/VAST.2012.6400554","10.1109/INFVIS.2004.12"
"10.1109/VAST.2012.6400554","10.1109/INFVIS.2004.64"
"10.1109/VAST.2012.6400554","10.1109/INFVIS.2000.885098"
"10.1109/VAST.2012.6400556","10.1109/INFVIS.2004.27"
"10.1109/VAST.2012.6400558","10.1109/INFVIS.2005.1532126"
"10.1109/VAST.2012.6400558","10.1109/VISUAL.2005.1532788"
"10.1109/VAST.2012.6400558","10.1109/TVCG.2007.70582"
"10.1109/VAST.2012.6400558","10.1109/TVCG.2008.137"
"10.1109/VAST.2012.6400558","10.1109/TVCG.2006.166"
"10.1109/VAST.2012.6400558","10.1109/VAST.2008.4677365"
"10.1109/VAST.2012.6400558","10.1109/TVCG.2006.147"
"10.1109/VAST.2012.6400558","10.1109/VAST.2007.4389006"
"10.1109/VAST.2012.6400559","10.1109/INFVIS.2004.27"
"10.1109/VAST.2012.6400559","10.1109/VAST.2007.4389006"
"10.1109/TVCG.2012.190","10.1109/TVCG.2010.181"
"10.1109/TVCG.2012.198","10.1109/VISUAL.1999.809896"
"10.1109/TVCG.2012.203","10.1109/VISUAL.2003.1250414"
"10.1109/TVCG.2012.211","10.1109/VISUAL.1992.235211"
"10.1109/TVCG.2012.216","10.1109/VISUAL.2000.885694"
"10.1109/TVCG.2012.216","10.1109/VISUAL.2003.1250414"
"10.1109/TVCG.2012.216","10.1109/TVCG.2009.111"
"10.1109/TVCG.2012.217","10.1109/TVCG.2008.153"
"10.1109/TVCG.2012.222","10.1109/TVCG.2008.125"
"10.1109/TVCG.2012.222","10.1109/TVCG.2007.70539"
"10.1109/TVCG.2012.223","10.1109/VISUAL.1990.146386"
"10.1109/TVCG.2012.223","10.1109/VISUAL.1998.745294"
"10.1109/TVCG.2012.240","10.1109/VISUAL.2003.1250384"
"10.1109/TVCG.2012.269","10.1109/VISUAL.1995.485139"
"10.1109/TVCG.2012.274","10.1109/VISUAL.2003.1250384"
"10.1109/TVCG.2012.280","10.1109/INFVIS.2004.15"
"10.1109/TVCG.2012.280","10.1109/INFVIS.2005.1532138"
"10.1109/TVCG.2012.280","10.1109/INFVIS.2002.1173157"
"10.1109/TVCG.2012.280","10.1109/TVCG.2008.153"
"10.1109/TVCG.2012.281","10.1109/VISUAL.1994.346331"
"10.1109/TVCG.2012.292","10.1109/VISUAL.2003.1250384"
"10.1109/TVCG.2013.119","10.1109/VISUAL.2005.1532788"
"10.1109/TVCG.2013.119","10.1109/TVCG.2007.70577"
"10.1109/TVCG.2013.119","10.1109/TVCG.2007.70594"
"10.1109/TVCG.2013.119","10.1109/TVCG.2008.137"
"10.1109/TVCG.2013.119","10.1109/TVCG.2007.70539"
"10.1109/TVCG.2013.119","10.1109/INFVIS.2000.885086"
"10.1109/TVCG.2013.120","10.1109/INFVIS.2005.1532136"
"10.1109/TVCG.2013.120","10.1109/TVCG.2007.70515"
"10.1109/TVCG.2013.120","10.1109/VAST.2008.4677365"
"10.1109/TVCG.2013.120","10.1109/INFVIS.2000.885092"
"10.1109/TVCG.2013.120","10.1109/VISUAL.1990.146375"
"10.1109/TVCG.2013.122","10.1109/TVCG.2007.70594"
"10.1109/TVCG.2013.122","10.1109/TVCG.2008.125"
"10.1109/TVCG.2013.122","10.1109/INFVIS.2000.885086"
"10.1109/TVCG.2013.124","10.1109/TVCG.2007.70541"
"10.1109/TVCG.2013.124","10.1109/TVCG.2012.213"
"10.1109/TVCG.2013.124","10.1109/INFVIS.2005.1532136"
"10.1109/TVCG.2013.124","10.1109/TVCG.2007.70539"
"10.1109/TVCG.2013.124","10.1109/INFVIS.2002.1173148"
"10.1109/TVCG.2013.124","10.1109/TVCG.2007.70515"
"10.1109/TVCG.2013.124","10.1109/TVCG.2009.111"
"10.1109/TVCG.2013.124","10.1109/VAST.2008.4677365"
"10.1109/TVCG.2013.124","10.1109/TVCG.2008.137"
"10.1109/TVCG.2013.124","10.1109/INFVIS.1998.729560"
"10.1109/TVCG.2013.124","10.1109/VISUAL.1990.146375"
"10.1109/TVCG.2013.130","10.1109/TVCG.2007.70515"
"10.1109/TVCG.2013.130","10.1109/VISUAL.1990.146375"
"10.1109/TVCG.2013.130","10.1109/INFVIS.1998.729560"
"10.1109/TVCG.2013.130","10.1109/INFVIS.2005.1532136"
"10.1109/TVCG.2013.130","10.1109/INFVIS.2000.885092"
"10.1109/TVCG.2013.134","10.1109/TVCG.2007.70577"
"10.1109/TVCG.2013.134","10.1109/INFVIS.2005.1532136"
"10.1109/TVCG.2013.134","10.1109/TVCG.2007.70515"
"10.1109/TVCG.2013.134","10.1109/INFVIS.1998.729560"
"10.1109/TVCG.2013.134","10.1109/VISUAL.1990.146375"
"10.1109/TVCG.2013.137","10.1109/INFVIS.2004.1"
"10.1109/TVCG.2013.137","10.1109/TVCG.2007.70594"
"10.1109/TVCG.2013.137","10.1109/VISUAL.1991.175815"
"10.1109/TVCG.2013.140","10.1109/INFVIS.2000.885091"
"10.1109/TVCG.2013.140","10.1109/TVCG.2011.185"
"10.1109/TVCG.2013.145","10.1109/TVCG.2012.213"
"10.1109/TVCG.2013.145","10.1109/TVCG.2007.70539"
"10.1109/TVCG.2013.145","10.1109/INFVIS.1999.801851"
"10.1109/TVCG.2013.149","10.1109/TVCG.2007.70582"
"10.1109/TVCG.2013.149","10.1109/INFVIS.2002.1173148"
"10.1109/TVCG.2013.149","10.1109/TVCG.2007.70539"
"10.1109/TVCG.2013.150","10.1109/INFVIS.2005.1532142"
"10.1109/TVCG.2013.150","10.1109/VISUAL.1990.146402"
"10.1109/TVCG.2013.150","10.1109/VISUAL.1999.809866"
"10.1109/TVCG.2013.150","10.1109/TVCG.2009.153"
"10.1109/TVCG.2013.150","10.1109/TVCG.2008.153"
"10.1109/TVCG.2013.151","10.1109/INFVIS.2004.66"
"10.1109/TVCG.2013.153","10.1109/INFVIS.2005.1532142"
"10.1109/TVCG.2013.154","10.1109/TVCG.2009.122"
"10.1109/TVCG.2013.155","10.1109/INFVIS.2005.1532136"
"10.1109/TVCG.2013.155","10.1109/INFVIS.2004.66"
"10.1109/TVCG.2013.155","10.1109/INFVIS.2004.1"
"10.1109/TVCG.2013.155","10.1109/VISUAL.2005.1532788"
"10.1109/TVCG.2013.160","10.1109/INFVIS.2005.1532142"
"10.1109/TVCG.2013.160","10.1109/TVCG.2007.70594"
"10.1109/TVCG.2013.160","10.1109/VISUAL.1990.146386"
"10.1109/TVCG.2013.160","10.1109/TVCG.2011.185"
"10.1109/TVCG.2013.160","10.1109/INFVIS.2000.885086"
"10.1109/TVCG.2013.160","10.1109/INFVIS.2004.15"
"10.1109/TVCG.2013.160","10.1109/TVCG.2008.153"
"10.1109/TVCG.2013.163","10.1109/TVCG.2007.70582"
"10.1109/TVCG.2013.166","10.1109/TVCG.2007.70577"
"10.1109/TVCG.2013.166","10.1109/INFVIS.2005.1532136"
"10.1109/TVCG.2013.173","10.1109/TVCG.2008.166"
"10.1109/TVCG.2013.173","10.1109/TVCG.2007.70539"
"10.1109/TVCG.2013.179","10.1109/TVCG.2007.70594"
"10.1109/TVCG.2013.179","10.1109/INFVIS.2002.1173156"
"10.1109/TVCG.2013.179","10.1109/VISUAL.1990.146386"
"10.1109/TVCG.2013.179","10.1109/TVCG.2011.185"
"10.1109/TVCG.2013.184","10.1109/TVCG.2009.122"
"10.1109/TVCG.2013.184","10.1109/INFVIS.2004.1"
"10.1109/TVCG.2013.184","10.1109/INFVIS.2002.1173157"
"10.1109/TVCG.2013.191","10.1109/TVCG.2007.70577"
"10.1109/TVCG.2013.191","10.1109/TVCG.2008.137"
"10.1109/TVCG.2013.192","10.1109/TVCG.2007.70582"
"10.1109/TVCG.2013.192","10.1109/TVCG.2011.185"
"10.1109/TVCG.2013.196","10.1109/TVCG.2011.239"
"10.1109/TVCG.2013.209","10.1109/INFVIS.2005.1532126"
"10.1109/TVCG.2013.209","10.1109/TVCG.2012.213"
"10.1109/TVCG.2013.209","10.1109/TVCG.2006.166"
"10.1109/TVCG.2013.214","10.1109/TVCG.2009.111"
"10.1109/TVCG.2013.214","10.1109/TVCG.2012.213"
"10.1109/TVCG.2013.214","10.1109/TVCG.2011.185"
"10.1109/TVCG.2013.225","10.1109/INFVIS.2004.12"
"10.1109/TVCG.2013.225","10.1109/TVCG.2006.147"
"10.1109/TVCG.2013.225","10.1109/TVCG.2006.166"
"10.1109/TVCG.2013.227","10.1109/TVCG.2011.185"
"10.1109/TVCG.2013.227","10.1109/TVCG.2008.166"
"10.1109/TVCG.2013.227","10.1109/TVCG.2007.70539"
"10.1109/TVCG.2013.231","10.1109/TVCG.2006.147"
"10.1109/TVCG.2013.231","10.1109/TVCG.2011.185"
"10.1109/TVCG.2013.231","10.1109/VISUAL.1991.175815"
"10.1109/TVCG.2013.231","10.1109/INFVIS.2002.1173148"
"10.1109/TVCG.2013.232","10.1109/INFVIS.2005.1532126"
"10.1109/TVCG.2013.232","10.1109/TVCG.2009.122"
"10.1109/TVCG.2013.233","10.1109/TVCG.2008.125"
"10.1109/TVCG.2013.233","10.1109/TVCG.2007.70539"
"10.1109/TVCG.2013.126","10.1109/TVCG.2012.213"
"10.1109/TVCG.2013.126","10.1109/TVCG.2009.111"
"10.1109/TVCG.2013.127","10.1109/INFVIS.2004.66"
"10.1109/TVCG.2013.129","10.1109/VISUAL.2000.885683"
"10.1109/TVCG.2013.133","10.1109/VISUAL.1990.146402"
"10.1109/TVCG.2013.133","10.1109/INFVIS.2004.15"
"10.1109/TVCG.2013.133","10.1109/VISUAL.1995.485139"
"10.1109/TVCG.2013.133","10.1109/VISUAL.1997.663875"
"10.1109/TVCG.2013.138","10.1109/TVCG.2010.181"
"10.1109/TVCG.2013.141","10.1109/TVCG.2010.181"
"10.1109/TVCG.2013.142","10.1109/INFVIS.2000.885086"
"10.1109/TVCG.2013.142","10.1109/VISUAL.1995.485139"
"10.1109/TVCG.2013.143","10.1109/TVCG.2010.181"
"10.1109/TVCG.2013.144","10.1109/TVCG.2010.181"
"10.1109/TVCG.2013.158","10.1109/VISUAL.2003.1250414"
"10.1109/TVCG.2013.159","10.1109/VISUAL.2003.1250384"
"10.1109/TVCG.2013.161","10.1109/TVCG.2009.111"
"10.1109/TVCG.2013.161","10.1109/VISUAL.1991.175815"
"10.1109/TVCG.2013.177","10.1109/VISUAL.1997.663875"
"10.1109/TVCG.2013.189","10.1109/VISUAL.1999.809896"
"10.1109/TVCG.2013.208","10.1109/VISUAL.1991.175782"
"10.1109/TVCG.2013.208","10.1109/VISUAL.1994.346331"
"10.1109/TVCG.2013.125","10.1109/VAST.2012.6400486"
"10.1109/TVCG.2013.125","10.1109/VISUAL.1990.146402"
"10.1109/TVCG.2013.125","10.1109/INFVIS.2005.1532142"
"10.1109/TVCG.2013.132","10.1109/TVCG.2012.213"
"10.1109/TVCG.2013.132","10.1109/INFVIS.2000.885086"
"10.1109/TVCG.2013.132","10.1109/TVCG.2007.70577"
"10.1109/TVCG.2013.132","10.1109/TVCG.2009.111"
"10.1109/TVCG.2013.132","10.1109/VAST.2008.4677365"
"10.1109/TVCG.2013.146","10.1109/VISUAL.1991.175815"
"10.1109/TVCG.2013.146","10.1109/TVCG.2011.185"
"10.1109/TVCG.2013.157","10.1109/VAST.2012.6400486"
"10.1109/TVCG.2013.157","10.1109/INFVIS.2005.1532142"
"10.1109/TVCG.2013.157","10.1109/INFVIS.1998.729559"
"10.1109/TVCG.2013.157","10.1109/TVCG.2009.153"
"10.1109/TVCG.2013.162","10.1109/TVCG.2011.239"
"10.1109/TVCG.2013.164","10.1109/TVCG.2007.70577"
"10.1109/TVCG.2013.167","10.1109/TVCG.2008.137"
"10.1109/TVCG.2013.167","10.1109/INFVIS.2005.1532136"
"10.1109/TVCG.2013.167","10.1109/TVCG.2006.166"
"10.1109/TVCG.2013.167","10.1109/INFVIS.2000.885086"
"10.1109/TVCG.2013.168","10.1109/INFVIS.2004.27"
"10.1109/TVCG.2013.186","10.1109/VAST.2007.4389006"
"10.1109/TVCG.2013.188","10.1109/INFVIS.1995.528686"
"10.1109/TVCG.2013.188","10.1109/VAST.2012.6400486"
"10.1109/TVCG.2013.193","10.1109/INFVIS.2005.1532142"
"10.1109/TVCG.2013.193","10.1109/INFVIS.2004.27"
"10.1109/TVCG.2013.197","10.1109/TVCG.2007.70541"
"10.1109/TVCG.2013.197","10.1109/TVCG.2011.185"
"10.1109/TVCG.2013.198","10.1109/INFVIS.1999.801851"
"10.1109/TVCG.2013.200","10.1109/TVCG.2012.213"
"10.1109/TVCG.2013.206","10.1109/INFVIS.2004.12"
"10.1109/TVCG.2013.206","10.1109/INFVIS.2000.885086"
"10.1109/TVCG.2013.206","10.1109/INFVIS.2004.64"
"10.1109/TVCG.2013.206","10.1109/TVCG.2011.185"
"10.1109/TVCG.2013.207","10.1109/INFVIS.1998.729559"
"10.1109/TVCG.2013.211","10.1109/VAST.2007.4389006"
"10.1109/TVCG.2013.212","10.1109/TVCG.2011.239"
"10.1109/TVCG.2013.212","10.1109/VAST.2007.4389006"
"10.1109/TVCG.2013.219","10.1109/TVCG.2011.239"
"10.1109/TVCG.2013.219","10.1109/INFVIS.2004.1"
"10.1109/TVCG.2013.219","10.1109/INFVIS.2005.1532138"
"10.1109/TVCG.2013.219","10.1109/TVCG.2006.147"
"10.1109/TVCG.2013.219","10.1109/TVCG.2008.153"
"10.1109/TVCG.2013.219","10.1109/INFVIS.2000.885098"
"10.1109/TVCG.2013.220","10.1109/INFVIS.2004.12"
"10.1109/TVCG.2013.220","10.1109/VAST.2007.4389006"
"10.1109/TVCG.2013.220","10.1109/TVCG.2006.166"
"10.1109/TVCG.2013.221","10.1109/TVCG.2008.166"
"10.1109/TVCG.2013.221","10.1109/TVCG.2011.239"
"10.1109/TVCG.2013.221","10.1109/INFVIS.1999.801851"
"10.1109/TVCG.2013.222","10.1109/TVCG.2012.213"
"10.1109/TVCG.2013.222","10.1109/TVCG.2007.70539"
"10.1109/TVCG.2013.223","10.1109/TVCG.2012.213"
"10.1109/TVCG.2013.223","10.1109/VAST.2007.4389006"
"10.1109/TVCG.2013.223","10.1109/INFVIS.2005.1532142"
"10.1109/TVCG.2013.223","10.1109/VISUAL.1990.146402"
"10.1109/TVCG.2013.223","10.1109/TVCG.2007.70535"
"10.1109/TVCG.2013.223","10.1109/TVCG.2006.166"
"10.1109/TVCG.2013.224","10.1109/VAST.2012.6400486"
"10.1109/TVCG.2013.224","10.1109/TVCG.2009.122"
"10.1109/TVCG.2013.226","10.1109/INFVIS.2004.12"
"10.1109/TVCG.2013.226","10.1109/TVCG.2007.70535"
"10.1109/TVCG.2013.226","10.1109/INFVIS.2005.1532150"
"10.1109/TVCG.2013.226","10.1109/INFVIS.2000.885086"
"10.1109/TVCG.2013.228","10.1109/INFVIS.2004.27"
"10.1109/TVCG.2013.228","10.1109/TVCG.2008.125"
"10.1109/TVCG.2014.2346248","10.1109/TVCG.2009.122"
"10.1109/TVCG.2014.2346248","10.1109/TVCG.2011.185"
"10.1109/TVCG.2014.2346249","10.1109/TVCG.2009.122"
"10.1109/TVCG.2014.2346249","10.1109/TVCG.2011.185"
"10.1109/TVCG.2014.2346250","10.1109/VAST.2012.6400486"
"10.1109/TVCG.2014.2346250","10.1109/INFVIS.2005.1532136"
"10.1109/TVCG.2014.2346250","10.1109/TVCG.2011.185"
"10.1109/TVCG.2014.2346250","10.1109/TVCG.2008.125"
"10.1109/TVCG.2014.2346258","10.1109/VISUAL.1990.146402"
"10.1109/TVCG.2014.2346260","10.1109/VISUAL.1990.146402"
"10.1109/TVCG.2014.2346260","10.1109/VISUAL.2005.1532788"
"10.1109/TVCG.2014.2346260","10.1109/TVCG.2006.166"
"10.1109/TVCG.2014.2346260","10.1109/INFVIS.2004.15"
"10.1109/TVCG.2014.2346265","10.1109/INFVIS.2004.12"
"10.1109/TVCG.2014.2346265","10.1109/TVCG.2008.125"
"10.1109/TVCG.2014.2346271","10.1109/TVCG.2006.147"
"10.1109/TVCG.2014.2346271","10.1109/INFVIS.2005.1532150"
"10.1109/TVCG.2014.2346276","10.1109/INFVIS.2000.885091"
"10.1109/TVCG.2014.2346276","10.1109/VISUAL.1991.175815"
"10.1109/TVCG.2014.2346277","10.1109/INFVIS.2000.885091"
"10.1109/TVCG.2014.2346291","10.1109/INFVIS.2004.12"
"10.1109/TVCG.2014.2346291","10.1109/VISUAL.2005.1532788"
"10.1109/TVCG.2014.2346291","10.1109/TVCG.2011.185"
"10.1109/TVCG.2014.2346291","10.1109/TVCG.2007.70577"
"10.1109/TVCG.2014.2346291","10.1109/INFVIS.2004.64"
"10.1109/TVCG.2014.2346292","10.1109/TVCG.2011.185"
"10.1109/TVCG.2014.2346292","10.1109/TVCG.2007.70577"
"10.1109/TVCG.2014.2346292","10.1109/INFVIS.2004.64"
"10.1109/TVCG.2014.2346292","10.1109/TVCG.2007.70541"
"10.1109/TVCG.2014.2346293","10.1109/INFVIS.2000.885086"
"10.1109/TVCG.2014.2346293","10.1109/TVCG.2008.137"
"10.1109/TVCG.2014.2346293","10.1109/INFVIS.2005.1532136"
"10.1109/TVCG.2014.2346293","10.1109/TVCG.2007.70594"
"10.1109/TVCG.2014.2346297","10.1109/TVCG.2012.213"
"10.1109/TVCG.2014.2346297","10.1109/TVCG.2007.70577"
"10.1109/TVCG.2014.2346311","10.1109/TVCG.2012.213"
"10.1109/TVCG.2014.2346311","10.1109/INFVIS.2000.885086"
"10.1109/TVCG.2014.2346311","10.1109/VISUAL.1994.346302"
"10.1109/TVCG.2014.2346311","10.1109/INFVIS.2004.12"
"10.1109/TVCG.2014.2346321","10.1109/TVCG.2012.213"
"10.1109/TVCG.2014.2346321","10.1109/INFVIS.2005.1532136"
"10.1109/TVCG.2014.2346321","10.1109/INFVIS.2005.1532142"
"10.1109/TVCG.2014.2346321","10.1109/TVCG.2013.124"
"10.1109/TVCG.2014.2346321","10.1109/TVCG.2009.111"
"10.1109/TVCG.2014.2346321","10.1109/VISUAL.2005.1532788"
"10.1109/TVCG.2014.2346323","10.1109/TVCG.2012.213"
"10.1109/TVCG.2014.2346325","10.1109/TVCG.2013.124"
"10.1109/TVCG.2014.2346325","10.1109/TVCG.2009.111"
"10.1109/TVCG.2014.2346325","10.1109/TVCG.2007.70594"
"10.1109/TVCG.2014.2346331","10.1109/TVCG.2012.213"
"10.1109/TVCG.2014.2346331","10.1109/TVCG.2009.111"
"10.1109/TVCG.2014.2346420","10.1109/INFVIS.2004.1"
"10.1109/TVCG.2014.2346422","10.1109/INFVIS.1995.528686"
"10.1109/TVCG.2014.2346422","10.1109/TVCG.2009.122"
"10.1109/TVCG.2014.2346422","10.1109/TVCG.2013.124"
"10.1109/TVCG.2014.2346424","10.1109/INFVIS.2002.1173148"
"10.1109/TVCG.2014.2346424","10.1109/TVCG.2008.153"
"10.1109/TVCG.2014.2346424","10.1109/TVCG.2007.70539"
"10.1109/TVCG.2014.2346426","10.1109/INFVIS.2004.15"
"10.1109/TVCG.2014.2346428","10.1109/INFVIS.2005.1532136"
"10.1109/TVCG.2014.2346431","10.1109/TVCG.2012.213"
"10.1109/TVCG.2014.2346431","10.1109/TVCG.2013.124"
"10.1109/TVCG.2014.2346431","10.1109/TVCG.2011.239"
"10.1109/TVCG.2014.2346433","10.1109/TVCG.2009.111"
"10.1109/TVCG.2014.2346433","10.1109/TVCG.2011.239"
"10.1109/TVCG.2014.2346435","10.1109/TVCG.2011.185"
"10.1109/TVCG.2014.2346441","10.1109/VISUAL.1995.485139"
"10.1109/TVCG.2014.2346441","10.1109/VISUAL.1994.346302"
"10.1109/TVCG.2014.2346441","10.1109/TVCG.2008.153"
"10.1109/TVCG.2014.2346441","10.1109/TVCG.2006.166"
"10.1109/TVCG.2014.2346441","10.1109/TVCG.2006.147"
"10.1109/TVCG.2014.2346444","10.1109/TVCG.2008.137"
"10.1109/TVCG.2014.2346444","10.1109/TVCG.2007.70582"
"10.1109/TVCG.2014.2346444","10.1109/TVCG.2006.147"
"10.1109/TVCG.2014.2346444","10.1109/TVCG.2011.185"
"10.1109/TVCG.2014.2346444","10.1109/TVCG.2006.166"
"10.1109/TVCG.2014.2346445","10.1109/INFVIS.2002.1173148"
"10.1109/TVCG.2014.2346454","10.1109/TVCG.2012.213"
"10.1109/TVCG.2014.2346978","10.1109/TVCG.2007.70594"
"10.1109/TVCG.2014.2346978","10.1109/TVCG.2008.125"
"10.1109/TVCG.2014.2346978","10.1109/TVCG.2007.70539"
"10.1109/TVCG.2014.2346979","10.1109/TVCG.2009.111"
"10.1109/TVCG.2014.2346979","10.1109/TVCG.2007.70594"
"10.1109/TVCG.2014.2346983","10.1109/TVCG.2011.185"
"10.1109/TVCG.2014.2352953","10.1109/TVCG.2007.70541"
"10.1109/TVCG.2014.2346318","10.1109/TVCG.2011.185"
"10.1109/TVCG.2014.2346318","10.1109/VISUAL.2005.1532788"
"10.1109/TVCG.2014.2346412","10.1109/VISUAL.1999.809896"
"10.1109/TVCG.2014.2346415","10.1109/VISUAL.1999.809896"
"10.1109/TVCG.2014.2346416","10.1109/TVCG.2011.239"
"10.1109/TVCG.2014.2346442","10.1109/VISUAL.1991.175773"
"10.1109/TVCG.2014.2346442","10.1109/VISUAL.1992.235211"
"10.1109/TVCG.2014.2346448","10.1109/TVCG.2010.181"
"10.1109/TVCG.2014.2346448","10.1109/INFVIS.2002.1173157"
"10.1109/TVCG.2014.2346455","10.1109/TVCG.2010.181"
"10.1109/TVCG.2014.2346481","10.1109/TVCG.2013.124"
"10.1109/TVCG.2014.2346481","10.1109/VAST.2008.4677365"
"10.1109/TVCG.2014.2346481","10.1109/VAST.2007.4389006"
"10.1109/TVCG.2014.2346482","10.1109/INFVIS.2005.1532142"
"10.1109/TVCG.2014.2346482","10.1109/TVCG.2009.153"
"10.1109/TVCG.2014.2346572","10.1109/INFVIS.2005.1532142"
"10.1109/TVCG.2014.2346572","10.1109/VAST.2007.4389006"
"10.1109/TVCG.2014.2346573","10.1109/VAST.2007.4389006"
"10.1109/TVCG.2014.2346575","10.1109/VAST.2012.6400486"
"10.1109/TVCG.2014.2346575","10.1109/VISUAL.2005.1532788"
"10.1109/TVCG.2014.2346578","10.1109/VAST.2012.6400486"
"10.1109/TVCG.2014.2346578","10.1109/TVCG.2007.70515"
"10.1109/TVCG.2014.2346591","10.1109/TVCG.2011.185"
"10.1109/TVCG.2014.2346594","10.1109/TVCG.2009.122"
"10.1109/TVCG.2014.2346594","10.1109/TVCG.2008.153"
"10.1109/TVCG.2014.2346626","10.1109/TVCG.2006.147"
"10.1109/TVCG.2014.2346626","10.1109/VISUAL.1999.809866"
"10.1109/TVCG.2014.2346660","10.1109/VAST.2012.6400486"
"10.1109/TVCG.2014.2346665","10.1109/TVCG.2006.147"
"10.1109/TVCG.2014.2346665","10.1109/TVCG.2009.153"
"10.1109/TVCG.2014.2346665","10.1109/INFVIS.2005.1532126"
"10.1109/TVCG.2014.2346665","10.1109/VISUAL.1990.146402"
"10.1109/TVCG.2014.2346665","10.1109/TVCG.2009.122"
"10.1109/TVCG.2014.2346665","10.1109/VISUAL.1999.809866"
"10.1109/TVCG.2014.2346665","10.1109/INFVIS.2004.1"
"10.1109/TVCG.2014.2346665","10.1109/TVCG.2006.170"
"10.1109/TVCG.2014.2346665","10.1109/TVCG.2007.70582"
"10.1109/TVCG.2014.2346677","10.1109/TVCG.2007.70577"
"10.1109/TVCG.2014.2346677","10.1109/VAST.2012.6400486"
"10.1109/TVCG.2014.2346677","10.1109/INFVIS.1995.528686"
"10.1109/TVCG.2014.2346677","10.1109/VAST.2007.4389006"
"10.1109/TVCG.2014.2346743","10.1109/VAST.2008.4677365"
"10.1109/TVCG.2014.2346743","10.1109/VAST.2007.4389006"
"10.1109/TVCG.2014.2346743","10.1109/TVCG.2007.70577"
"10.1109/TVCG.2014.2346746","10.1109/INFVIS.2004.27"
"10.1109/TVCG.2014.2346747","10.1109/TVCG.2007.70541"
"10.1109/TVCG.2014.2346747","10.1109/TVCG.2012.213"
"10.1109/TVCG.2014.2346752","10.1109/TVCG.2012.213"
"10.1109/TVCG.2014.2346752","10.1109/VAST.2007.4389006"
"10.1109/TVCG.2014.2346752","10.1109/TVCG.2006.166"
"10.1109/TVCG.2014.2346753","10.1109/TVCG.2011.185"
"10.1109/TVCG.2014.2346754","10.1109/INFVIS.2000.885086"
"10.1109/TVCG.2014.2346754","10.1109/VISUAL.1995.485139"
"10.1109/TVCG.2014.2346755","10.1109/VAST.2012.6400486"
"10.1109/TVCG.2014.2346893","10.1109/INFVIS.2005.1532150"
"10.1109/TVCG.2014.2346898","10.1109/TVCG.2009.111"
"10.1109/TVCG.2014.2346898","10.1109/TVCG.2009.122"
"10.1109/TVCG.2014.2346911","10.1109/INFVIS.2000.885098"
"10.1109/TVCG.2014.2346911","10.1109/TVCG.2007.70541"
"10.1109/TVCG.2014.2346912","10.1109/TVCG.2011.239"
"10.1109/TVCG.2014.2346912","10.1109/INFVIS.2005.1532150"
"10.1109/TVCG.2014.2346912","10.1109/TVCG.2008.166"
"10.1109/TVCG.2014.2346919","10.1109/TVCG.2008.166"
"10.1109/TVCG.2014.2346919","10.1109/TVCG.2011.239"
"10.1109/TVCG.2014.2346920","10.1109/TVCG.2011.239"
"10.1109/TVCG.2014.2346922","10.1109/TVCG.2011.239"
"10.1109/TVCG.2014.2346926","10.1109/VAST.2007.4389006"
"10.1109/VAST.2014.7042476","10.1109/INFVIS.2005.1532136"
"10.1109/VAST.2014.7042476","10.1109/TVCG.2007.70515"
"10.1109/VAST.2014.7042476","10.1109/TVCG.2007.70541"
"10.1109/VAST.2014.7042479","10.1109/INFVIS.2005.1532138"
"10.1109/VAST.2014.7042480","10.1109/INFVIS.2005.1532142"
"10.1109/VAST.2014.7042480","10.1109/VAST.2012.6400486"
"10.1109/VAST.2014.7042482","10.1109/TVCG.2013.124"
"10.1109/VAST.2014.7042482","10.1109/INFVIS.2005.1532136"
"10.1109/VAST.2014.7042482","10.1109/TVCG.2011.185"
"10.1109/VAST.2014.7042483","10.1109/TVCG.2009.111"
"10.1109/VAST.2014.7042484","10.1109/TVCG.2007.70582"
"10.1109/VAST.2014.7042484","10.1109/INFVIS.1999.801851"
"10.1109/VAST.2014.7042484","10.1109/TVCG.2006.166"
"10.1109/VAST.2014.7042485","10.1109/TVCG.2009.122"
"10.1109/VAST.2014.7042487","10.1109/INFVIS.2000.885091"
"10.1109/VAST.2014.7042487","10.1109/INFVIS.1997.636718"
"10.1109/VAST.2014.7042487","10.1109/INFVIS.2004.64"
"10.1109/VAST.2014.7042487","10.1109/VISUAL.1991.175815"
"10.1109/VAST.2014.7042487","10.1109/TVCG.2011.185"
"10.1109/VAST.2014.7042489","10.1109/INFVIS.2000.885098"
"10.1109/VAST.2014.7042490","10.1109/INFVIS.2004.27"
"10.1109/VAST.2014.7042490","10.1109/TVCG.2011.239"
"10.1109/VAST.2014.7042490","10.1109/TVCG.2008.166"
"10.1109/VAST.2014.7042490","10.1109/TVCG.2007.70535"
"10.1109/VAST.2014.7042490","10.1109/TVCG.2008.125"
"10.1109/VAST.2014.7042491","10.1109/INFVIS.2002.1173157"
"10.1109/VAST.2014.7042491","10.1109/VISUAL.1990.146402"
"10.1109/VAST.2014.7042492","10.1109/VAST.2012.6400486"
"10.1109/VAST.2014.7042492","10.1109/INFVIS.1995.528686"
"10.1109/VAST.2014.7042492","10.1109/VAST.2007.4389006"
"10.1109/VAST.2014.7042493","10.1109/INFVIS.2000.885098"
"10.1109/VAST.2014.7042493","10.1109/TVCG.2011.239"
"10.1109/VAST.2014.7042493","10.1109/VAST.2012.6400486"
"10.1109/VAST.2014.7042493","10.1109/VAST.2007.4389006"
"10.1109/VAST.2014.7042494","10.1109/TVCG.2011.239"
"10.1109/VAST.2014.7042494","10.1109/TVCG.2009.111"
"10.1109/VAST.2014.7042494","10.1109/TVCG.2007.70582"
"10.1109/VAST.2014.7042495","10.1109/TVCG.2011.185"
"10.1109/VAST.2014.7042495","10.1109/VAST.2012.6400486"
"10.1109/VAST.2014.7042496","10.1109/TVCG.2011.239"
"10.1109/VAST.2014.7042496","10.1109/TVCG.2011.185"
"10.1109/TVCG.2015.2466971","10.1109/TVCG.2011.185"
"10.1109/TVCG.2015.2466971","10.1109/TVCG.2013.124"
"10.1109/TVCG.2015.2466971","10.1109/TVCG.2008.166"
"10.1109/TVCG.2015.2466971","10.1109/TVCG.2009.111"
"10.1109/TVCG.2015.2466971","10.1109/TVCG.2012.213"
"10.1109/TVCG.2015.2466971","10.1109/INFVIS.1999.801851"
"10.1109/TVCG.2015.2466971","10.1109/INFVIS.2005.1532122"
"10.1109/TVCG.2015.2466992","10.1109/VISUAL.1999.809866"
"10.1109/TVCG.2015.2466992","10.1109/INFVIS.2002.1173157"
"10.1109/TVCG.2015.2466992","10.1109/INFVIS.2005.1532138"
"10.1109/TVCG.2015.2466992","10.1109/TVCG.2009.153"
"10.1109/TVCG.2015.2466992","10.1109/INFVIS.2004.15"
"10.1109/TVCG.2015.2467035","10.1109/INFVIS.2004.66"
"10.1109/TVCG.2015.2467051","10.1109/TVCG.2011.185"
"10.1109/TVCG.2015.2467051","10.1109/TVCG.2009.122"
"10.1109/TVCG.2015.2467051","10.1109/TVCG.2007.70535"
"10.1109/TVCG.2015.2467051","10.1109/INFVIS.2004.1"
"10.1109/TVCG.2015.2467051","10.1109/TVCG.2007.70539"
"10.1109/TVCG.2015.2467091","10.1109/VISUAL.1995.480821"
"10.1109/TVCG.2015.2467091","10.1109/TVCG.2011.185"
"10.1109/TVCG.2015.2467091","10.1109/INFVIS.2000.885086"
"10.1109/TVCG.2015.2467091","10.1109/INFVIS.2004.12"
"10.1109/TVCG.2015.2467091","10.1109/TVCG.2007.70515"
"10.1109/TVCG.2015.2467112","10.1109/TVCG.2011.185"
"10.1109/TVCG.2015.2467112","10.1109/VISUAL.1999.809905"
"10.1109/TVCG.2015.2467112","10.1109/VISUAL.1998.745294"
"10.1109/TVCG.2015.2467132","10.1109/INFVIS.2005.1532142"
"10.1109/TVCG.2015.2467191","10.1109/TVCG.2011.185"
"10.1109/TVCG.2015.2467191","10.1109/TVCG.2007.70594"
"10.1109/TVCG.2015.2467191","10.1109/INFVIS.2000.885086"
"10.1109/TVCG.2015.2467195","10.1109/TVCG.2007.70515"
"10.1109/TVCG.2015.2467199","10.1109/TVCG.2007.70539"
"10.1109/TVCG.2015.2467201","10.1109/INFVIS.2005.1532122"
"10.1109/TVCG.2015.2467271","10.1109/INFVIS.2000.885092"
"10.1109/TVCG.2015.2467271","10.1109/TVCG.2009.111"
"10.1109/TVCG.2015.2467271","10.1109/TVCG.2012.213"
"10.1109/TVCG.2015.2467271","10.1109/TVCG.2007.70515"
"10.1109/TVCG.2015.2467321","10.1109/INFVIS.2005.1532122"
"10.1109/TVCG.2015.2467321","10.1109/TVCG.2007.70594"
"10.1109/TVCG.2015.2467322","10.1109/TVCG.2008.125"
"10.1109/TVCG.2015.2467323","10.1109/INFVIS.1998.729559"
"10.1109/TVCG.2015.2467323","10.1109/TVCG.2009.153"
"10.1109/TVCG.2015.2467323","10.1109/TVCG.2007.70594"
"10.1109/TVCG.2015.2467323","10.1109/INFVIS.2000.885086"
"10.1109/TVCG.2015.2467323","10.1109/INFVIS.2005.1532142"
"10.1109/TVCG.2015.2467324","10.1109/INFVIS.1998.729559"
"10.1109/TVCG.2015.2467325","10.1109/INFVIS.2005.1532136"
"10.1109/TVCG.2015.2467325","10.1109/TVCG.2007.70515"
"10.1109/TVCG.2015.2467451","10.1109/TVCG.2006.147"
"10.1109/TVCG.2015.2467452","10.1109/TVCG.2007.70541"
"10.1109/TVCG.2015.2467452","10.1109/TVCG.2012.213"
"10.1109/TVCG.2015.2467452","10.1109/VAST.2007.4389006"
"10.1109/TVCG.2015.2467452","10.1109/TVCG.2007.70577"
"10.1109/TVCG.2015.2467691","10.1109/TVCG.2006.147"
"10.1109/TVCG.2015.2467717","10.1109/VISUAL.1990.146402"
"10.1109/TVCG.2015.2467717","10.1109/TVCG.2009.153"
"10.1109/TVCG.2015.2467717","10.1109/VISUAL.1994.346302"
"10.1109/TVCG.2015.2467717","10.1109/INFVIS.1995.528686"
"10.1109/TVCG.2015.2467754","10.1109/TVCG.2010.181"
"10.1109/TVCG.2015.2467754","10.1109/TVCG.2012.213"
"10.1109/TVCG.2015.2467759","10.1109/TVCG.2007.70594"
"10.1109/TVCG.2015.2467759","10.1109/INFVIS.1995.528686"
"10.1109/TVCG.2015.2467811","10.1109/TVCG.2009.122"
"10.1109/TVCG.2015.2467811","10.1109/INFVIS.2005.1532126"
"10.1109/TVCG.2015.2467811","10.1109/TVCG.2012.213"
"10.1109/TVCG.2015.2467811","10.1109/VAST.2007.4389006"
"10.1109/TVCG.2015.2467811","10.1109/INFVIS.1995.528686"
"10.1109/TVCG.2015.2467831","10.1109/TVCG.2007.70541"
"10.1109/TVCG.2015.2467851","10.1109/TVCG.2007.70535"
"10.1109/TVCG.2015.2467851","10.1109/INFVIS.2004.1"
"10.1109/TVCG.2015.2467872","10.1109/INFVIS.1998.729559"
"10.1109/TVCG.2015.2467872","10.1109/TVCG.2007.70535"
"10.1109/TVCG.2015.2467872","10.1109/VISUAL.1999.809866"
"10.1109/TVCG.2015.2467872","10.1109/INFVIS.2002.1173157"
"10.1109/TVCG.2015.2467872","10.1109/INFVIS.2005.1532138"
"10.1109/TVCG.2015.2467872","10.1109/TVCG.2009.153"
"10.1109/TVCG.2015.2467872","10.1109/VISUAL.1995.485139"
"10.1109/TVCG.2015.2467872","10.1109/TVCG.2006.170"
"10.1109/TVCG.2015.2467872","10.1109/INFVIS.2004.15"
"10.1109/TVCG.2015.2467872","10.1109/VISUAL.1994.346302"
"10.1109/TVCG.2015.2467951","10.1109/TVCG.2007.70541"
"10.1109/TVCG.2015.2467992","10.1109/TVCG.2009.122"
"10.1109/SciVis.2015.7429485","10.1109/TVCG.2013.124"
"10.1109/SciVis.2015.7429487","10.1109/TVCG.2010.181"
"10.1109/SciVis.2015.7429488","10.1109/TVCG.2010.181"
"10.1109/SciVis.2015.7429491","10.1109/VISUAL.1994.346326"
"10.1109/SciVis.2015.7429491","10.1109/VISUAL.1995.485141"
"10.1109/TVCG.2015.2466838","10.1109/VISUAL.1999.809896"
"10.1109/TVCG.2015.2467153","10.1109/TVCG.2013.124"
"10.1109/TVCG.2015.2467153","10.1109/TVCG.2008.153"
"10.1109/TVCG.2015.2467153","10.1109/INFVIS.2002.1173157"
"10.1109/TVCG.2015.2467194","10.1109/INFVIS.2000.885091"
"10.1109/TVCG.2015.2467200","10.1109/VISUAL.1999.809896"
"10.1109/TVCG.2015.2467202","10.1109/TVCG.2008.153"
"10.1109/TVCG.2015.2467204","10.1109/TVCG.2010.181"
"10.1109/TVCG.2015.2467412","10.1109/VISUAL.1997.663860"
"10.1109/TVCG.2015.2467431","10.1109/VISUAL.1995.485139"
"10.1109/TVCG.2015.2467433","10.1109/VISUAL.1997.663875"
"10.1109/TVCG.2015.2467435","10.1109/VISUAL.1998.745294"
"10.1109/TVCG.2015.2467436","10.1109/VISUAL.1993.398877"
"10.1109/TVCG.2015.2467441","10.1109/VISUAL.2005.1532788"
"10.1109/TVCG.2015.2467449","10.1109/TVCG.2011.185"
"10.1109/TVCG.2015.2467449","10.1109/VISUAL.2003.1250414"
"10.1109/TVCG.2015.2467449","10.1109/VISUAL.1999.809896"
"10.1109/TVCG.2015.2467963","10.1109/VISUAL.2003.1250414"
"10.1109/TVCG.2015.2467963","10.1109/VISUAL.1994.346331"
"10.1109/TVCG.2015.2467963","10.1109/VISUAL.1996.567777"
"10.1109/TVCG.2015.2468031","10.1109/TVCG.2009.122"
"10.1109/TVCG.2015.2468091","10.1109/INFVIS.2002.1173156"
"10.1109/TVCG.2015.2468091","10.1109/TVCG.2008.125"
"10.1109/TVCG.2015.2468093","10.1109/TVCG.2010.181"
"10.1109/TVCG.2015.2467196","10.1109/TVCG.2006.170"
"10.1109/TVCG.2015.2467531","10.1109/TVCG.2011.185"
"10.1109/TVCG.2015.2467531","10.1109/TVCG.2013.124"
"10.1109/TVCG.2015.2467531","10.1109/TVCG.2012.213"
"10.1109/TVCG.2015.2467531","10.1109/VAST.2007.4389006"
"10.1109/TVCG.2015.2467531","10.1109/TVCG.2007.70577"
"10.1109/TVCG.2015.2467551","10.1109/INFVIS.2005.1532136"
"10.1109/TVCG.2015.2467551","10.1109/VISUAL.2005.1532788"
"10.1109/TVCG.2015.2467551","10.1109/VAST.2012.6400486"
"10.1109/TVCG.2015.2467551","10.1109/VAST.2008.4677365"
"10.1109/TVCG.2015.2467551","10.1109/TVCG.2008.137"
"10.1109/TVCG.2015.2467551","10.1109/TVCG.2010.181"
"10.1109/TVCG.2015.2467551","10.1109/VISUAL.1990.146375"
"10.1109/TVCG.2015.2467552","10.1109/VISUAL.1990.146402"
"10.1109/TVCG.2015.2467553","10.1109/VISUAL.1990.146402"
"10.1109/TVCG.2015.2467553","10.1109/VISUAL.1990.146386"
"10.1109/TVCG.2015.2467554","10.1109/INFVIS.2005.1532150"
"10.1109/TVCG.2015.2467555","10.1109/TVCG.2012.213"
"10.1109/TVCG.2015.2467592","10.1109/TVCG.2007.70535"
"10.1109/TVCG.2015.2467592","10.1109/VISUAL.1999.809866"
"10.1109/TVCG.2015.2467592","10.1109/TVCG.2008.137"
"10.1109/TVCG.2015.2467592","10.1109/INFVIS.2005.1532138"
"10.1109/TVCG.2015.2467592","10.1109/TVCG.2006.170"
"10.1109/TVCG.2015.2467611","10.1109/VISUAL.2005.1532788"
"10.1109/TVCG.2015.2467611","10.1109/TVCG.2011.185"
"10.1109/TVCG.2015.2467611","10.1109/VAST.2008.4677365"
"10.1109/TVCG.2015.2467611","10.1109/TVCG.2008.137"
"10.1109/TVCG.2015.2467613","10.1109/INFVIS.2005.1532136"
"10.1109/TVCG.2015.2467613","10.1109/VAST.2008.4677365"
"10.1109/TVCG.2015.2467613","10.1109/TVCG.2008.137"
"10.1109/TVCG.2015.2467613","10.1109/TVCG.2007.70515"
"10.1109/TVCG.2015.2467615","10.1109/TVCG.2011.185"
"10.1109/TVCG.2015.2467615","10.1109/VAST.2012.6400486"
"10.1109/TVCG.2015.2467615","10.1109/TVCG.2008.153"
"10.1109/TVCG.2015.2467615","10.1109/VISUAL.1990.146386"
"10.1109/TVCG.2015.2467618","10.1109/TVCG.2011.239"
"10.1109/TVCG.2015.2467618","10.1109/INFVIS.2000.885098"
"10.1109/TVCG.2015.2467619","10.1109/TVCG.2011.185"
"10.1109/TVCG.2015.2467619","10.1109/INFVIS.2004.27"
"10.1109/TVCG.2015.2467619","10.1109/INFVIS.2005.1532150"
"10.1109/TVCG.2015.2467620","10.1109/INFVIS.2005.1532126"
"10.1109/TVCG.2015.2467620","10.1109/TVCG.2009.111"
"10.1109/TVCG.2015.2467620","10.1109/VAST.2007.4389006"
"10.1109/TVCG.2015.2467621","10.1109/TVCG.2008.166"
"10.1109/TVCG.2015.2467621","10.1109/TVCG.2011.239"
"10.1109/TVCG.2015.2467621","10.1109/INFVIS.2005.1532150"
"10.1109/TVCG.2015.2467621","10.1109/INFVIS.2005.1532122"
"10.1109/TVCG.2015.2467621","10.1109/INFVIS.1995.528686"
"10.1109/TVCG.2015.2467622","10.1109/TVCG.2011.185"
"10.1109/TVCG.2015.2467733","10.1109/INFVIS.2000.885091"
"10.1109/TVCG.2015.2467757","10.1109/VAST.2007.4389006"
"10.1109/TVCG.2015.2467813","10.1109/TVCG.2009.122"
"10.1109/TVCG.2015.2467813","10.1109/INFVIS.2004.1"
"10.1109/TVCG.2015.2467813","10.1109/TVCG.2007.70582"
"10.1109/TVCG.2015.2467813","10.1109/TVCG.2006.147"
"10.1109/TVCG.2015.2467871","10.1109/TVCG.2013.124"
"10.1109/TVCG.2015.2467954","10.1109/INFVIS.2000.885086"
"10.1109/TVCG.2015.2467954","10.1109/INFVIS.2004.12"
"10.1109/TVCG.2015.2467971","10.1109/TVCG.2011.239"
"10.1109/TVCG.2015.2467971","10.1109/INFVIS.2000.885098"
"10.1109/TVCG.2015.2467971","10.1109/INFVIS.2000.885091"
"10.1109/TVCG.2015.2467991","10.1109/INFVIS.1999.801851"
"10.1109/TVCG.2015.2468011","10.1109/TVCG.2011.185"
"10.1109/TVCG.2015.2468078","10.1109/TVCG.2006.147"
"10.1109/TVCG.2015.2468078","10.1109/TVCG.2008.125"
"10.1109/TVCG.2015.2468078","10.1109/INFVIS.1999.801851"
"10.1109/TVCG.2015.2468111","10.1109/TVCG.2008.125"
"10.1109/TVCG.2015.2468111","10.1109/INFVIS.1999.801851"
"10.1109/TVCG.2015.2468111","10.1109/INFVIS.2005.1532150"
"10.1109/TVCG.2015.2468151","10.1109/TVCG.2006.147"
"10.1109/TVCG.2015.2468291","10.1109/TVCG.2011.185"
"10.1109/TVCG.2015.2468292","10.1109/TVCG.2011.239"
"10.1109/VAST.2015.7347624","10.1109/INFVIS.2000.885098"
"10.1109/VAST.2015.7347625","10.1109/VAST.2012.6400486"
"10.1109/VAST.2015.7347626","10.1109/TVCG.2010.181"
"10.1109/VAST.2015.7347627","10.1109/TVCG.2011.185"
"10.1109/VAST.2015.7347627","10.1109/TVCG.2007.70577"
"10.1109/VAST.2015.7347630","10.1109/INFVIS.2004.27"
"10.1109/VAST.2015.7347633","10.1109/TVCG.2008.166"
"10.1109/VAST.2015.7347633","10.1109/INFVIS.2000.885098"
"10.1109/TVCG.2016.2598496","10.1109/VISUAL.1991.175815"
"10.1109/TVCG.2016.2598496","10.1109/TVCG.2009.122"
"10.1109/TVCG.2016.2598496","10.1109/TVCG.2011.185"
"10.1109/TVCG.2016.2598498","10.1109/TVCG.2013.124"
"10.1109/TVCG.2016.2598518","10.1109/TVCG.2006.147"
"10.1109/TVCG.2016.2598586","10.1109/TVCG.2007.70582"
"10.1109/TVCG.2016.2598586","10.1109/TVCG.2009.122"
"10.1109/TVCG.2016.2598586","10.1109/VISUAL.1990.146386"
"10.1109/TVCG.2016.2598586","10.1109/TVCG.2011.185"
"10.1109/TVCG.2016.2598587","10.1109/TVCG.2012.213"
"10.1109/TVCG.2016.2598589","10.1109/TVCG.2009.111"
"10.1109/TVCG.2016.2598590","10.1109/INFVIS.1995.528686"
"10.1109/TVCG.2016.2598590","10.1109/TVCG.2011.239"
"10.1109/TVCG.2016.2598591","10.1109/TVCG.2007.70535"
"10.1109/TVCG.2016.2598592","10.1109/TVCG.2012.213"
"10.1109/TVCG.2016.2598594","10.1109/TVCG.2008.153"
"10.1109/TVCG.2016.2598608","10.1109/INFVIS.1998.729560"
"10.1109/TVCG.2016.2598609","10.1109/INFVIS.2004.12"
"10.1109/TVCG.2016.2598609","10.1109/TVCG.2011.185"
"10.1109/TVCG.2016.2598619","10.1109/TVCG.2010.181"
"10.1109/TVCG.2016.2598619","10.1109/TVCG.2006.147"
"10.1109/TVCG.2016.2598619","10.1109/TVCG.2008.166"
"10.1109/TVCG.2016.2598619","10.1109/TVCG.2008.125"
"10.1109/TVCG.2016.2598620","10.1109/INFVIS.2004.64"
"10.1109/TVCG.2016.2598620","10.1109/INFVIS.2000.885086"
"10.1109/TVCG.2016.2598620","10.1109/INFVIS.2004.12"
"10.1109/TVCG.2016.2598620","10.1109/TVCG.2011.185"
"10.1109/TVCG.2016.2598620","10.1109/TVCG.2007.70577"
"10.1109/TVCG.2016.2598647","10.1109/TVCG.2007.70539"
"10.1109/TVCG.2016.2598647","10.1109/TVCG.2008.137"
"10.1109/TVCG.2016.2598694","10.1109/INFVIS.2000.885086"
"10.1109/TVCG.2016.2598839","10.1109/TVCG.2007.70594"
"10.1109/TVCG.2016.2598839","10.1109/TVCG.2007.70515"
"10.1109/TVCG.2016.2598839","10.1109/TVCG.2011.185"
"10.1109/TVCG.2016.2598839","10.1109/VAST.2012.6400486"
"10.1109/TVCG.2016.2598867","10.1109/TVCG.2006.147"
"10.1109/TVCG.2016.2598867","10.1109/INFVIS.2004.1"
"10.1109/TVCG.2016.2598867","10.1109/TVCG.2007.70535"
"10.1109/TVCG.2016.2598876","10.1109/TVCG.2008.166"
"10.1109/TVCG.2016.2598876","10.1109/TVCG.2007.70594"
"10.1109/TVCG.2016.2598885","10.1109/INFVIS.2004.1"
"10.1109/TVCG.2016.2598885","10.1109/INFVIS.2005.1532150"
"10.1109/TVCG.2016.2598919","10.1109/TVCG.2006.147"
"10.1109/TVCG.2016.2598919","10.1109/TVCG.2009.122"
"10.1109/TVCG.2016.2598920","10.1109/VISUAL.1991.175815"
"10.1109/TVCG.2016.2598920","10.1109/TVCG.2007.70515"
"10.1109/TVCG.2016.2598920","10.1109/INFVIS.2005.1532136"
"10.1109/TVCG.2016.2598920","10.1109/TVCG.2013.124"
"10.1109/TVCG.2016.2598958","10.1109/TVCG.2006.147"
"10.1109/TVCG.2016.2598958","10.1109/INFVIS.2005.1532150"
"10.1109/TVCG.2016.2599030","10.1109/INFVIS.2000.885086"
"10.1109/TVCG.2016.2599030","10.1109/TVCG.2007.70515"
"10.1109/TVCG.2016.2599030","10.1109/TVCG.2011.185"
"10.1109/TVCG.2016.2599058","10.1109/VISUAL.2005.1532788"
"10.1109/TVCG.2016.2599058","10.1109/TVCG.2008.137"
"10.1109/TVCG.2016.2599106","10.1109/TVCG.2013.124"
"10.1109/TVCG.2016.2599338","10.1109/TVCG.2012.213"
"10.1109/TVCG.2016.2599338","10.1109/TVCG.2007.70515"
"10.1109/TVCG.2016.2599338","10.1109/TVCG.2009.111"
"10.1109/TVCG.2016.2598448","10.1109/VISUAL.1996.567777"
"10.1109/TVCG.2016.2598789","10.1109/TVCG.2007.70539"
"10.1109/TVCG.2016.2598824","10.1109/VISUAL.2003.1250384"
"10.1109/TVCG.2016.2598827","10.1109/TVCG.2012.213"
"10.1109/TVCG.2016.2598827","10.1109/INFVIS.2000.885092"
"10.1109/TVCG.2016.2598827","10.1109/TVCG.2007.70515"
"10.1109/TVCG.2016.2598866","10.1109/TVCG.2010.181"
"10.1109/TVCG.2016.2598866","10.1109/VISUAL.1998.745294"
"10.1109/TVCG.2016.2598866","10.1109/VISUAL.1999.809905"
"10.1109/TVCG.2016.2598868","10.1109/TVCG.2010.181"
"10.1109/TVCG.2016.2598868","10.1109/INFVIS.1999.801851"
"10.1109/TVCG.2016.2598869","10.1109/TVCG.2010.181"
"10.1109/TVCG.2016.2598870","10.1109/TVCG.2009.153"
"10.1109/TVCG.2016.2598870","10.1109/TVCG.2009.111"
"10.1109/TVCG.2016.2598998","10.1109/VISUAL.1991.175773"
"10.1109/TVCG.2016.2598998","10.1109/VISUAL.1993.398849"
"10.1109/TVCG.2016.2599018","10.1109/VISUAL.1990.146386"
"10.1109/TVCG.2016.2599040","10.1109/VISUAL.2003.1250414"
"10.1109/TVCG.2016.2599040","10.1109/VISUAL.2003.1250384"
"10.1109/TVCG.2016.2599040","10.1109/VISUAL.1998.745713"
"10.1109/TVCG.2016.2599049","10.1109/VISUAL.1993.398849"
"10.1109/TVCG.2016.2599217","10.1109/TVCG.2007.70515"
"10.1109/TVCG.2016.2599217","10.1109/TVCG.2013.124"
"10.1109/TVCG.2016.2598432","10.1109/TVCG.2009.111"
"10.1109/TVCG.2016.2598444","10.1109/TVCG.2006.147"
"10.1109/TVCG.2016.2598444","10.1109/TVCG.2007.70535"
"10.1109/TVCG.2016.2598445","10.1109/TVCG.2011.239"
"10.1109/TVCG.2016.2598446","10.1109/VAST.2012.6400486"
"10.1109/TVCG.2016.2598447","10.1109/INFVIS.2000.885098"
"10.1109/TVCG.2016.2598447","10.1109/INFVIS.2000.885086"
"10.1109/TVCG.2016.2598460","10.1109/VAST.2012.6400486"
"10.1109/TVCG.2016.2598466","10.1109/INFVIS.2000.885086"
"10.1109/TVCG.2016.2598466","10.1109/VISUAL.2005.1532788"
"10.1109/TVCG.2016.2598466","10.1109/TVCG.2008.137"
"10.1109/TVCG.2016.2598467","10.1109/INFVIS.2004.15"
"10.1109/TVCG.2016.2598467","10.1109/TVCG.2007.70582"
"10.1109/TVCG.2016.2598467","10.1109/TVCG.2007.70535"
"10.1109/TVCG.2016.2598467","10.1109/INFVIS.2005.1532142"
"10.1109/TVCG.2016.2598468","10.1109/VISUAL.1990.146375"
"10.1109/TVCG.2016.2598469","10.1109/TVCG.2011.185"
"10.1109/TVCG.2016.2598469","10.1109/TVCG.2013.124"
"10.1109/TVCG.2016.2598470","10.1109/TVCG.2007.70539"
"10.1109/TVCG.2016.2598470","10.1109/TVCG.2008.153"
"10.1109/TVCG.2016.2598470","10.1109/TVCG.2007.70515"
"10.1109/TVCG.2016.2598470","10.1109/TVCG.2012.213"
"10.1109/TVCG.2016.2598470","10.1109/INFVIS.2005.1532136"
"10.1109/TVCG.2016.2598470","10.1109/TVCG.2008.125"
"10.1109/TVCG.2016.2598471","10.1109/VISUAL.2005.1532788"
"10.1109/TVCG.2016.2598471","10.1109/VAST.2008.4677365"
"10.1109/TVCG.2016.2598472","10.1109/TVCG.2007.70582"
"10.1109/TVCG.2016.2598479","10.1109/TVCG.2010.181"
"10.1109/TVCG.2016.2598495","10.1109/TVCG.2009.153"
"10.1109/TVCG.2016.2598495","10.1109/VAST.2012.6400486"
"10.1109/TVCG.2016.2598495","10.1109/TVCG.2007.70515"
"10.1109/TVCG.2016.2598495","10.1109/TVCG.2013.124"
"10.1109/TVCG.2016.2598497","10.1109/INFVIS.2004.12"
"10.1109/TVCG.2016.2598497","10.1109/INFVIS.1998.729560"
"10.1109/TVCG.2016.2598497","10.1109/INFVIS.2005.1532136"
"10.1109/TVCG.2016.2598497","10.1109/VISUAL.2005.1532788"
"10.1109/TVCG.2016.2598497","10.1109/TVCG.2011.185"
"10.1109/TVCG.2016.2598543","10.1109/TVCG.2008.137"
"10.1109/TVCG.2016.2598543","10.1109/VAST.2008.4677365"
"10.1109/TVCG.2016.2598543","10.1109/TVCG.2013.124"
"10.1109/TVCG.2016.2598543","10.1109/TVCG.2007.70577"
"10.1109/TVCG.2016.2598544","10.1109/INFVIS.2005.1532136"
"10.1109/TVCG.2016.2598544","10.1109/TVCG.2013.124"
"10.1109/TVCG.2016.2598664","10.1109/TVCG.2006.170"
"10.1109/TVCG.2016.2598664","10.1109/TVCG.2011.185"
"10.1109/TVCG.2016.2598695","10.1109/TVCG.2009.111"
"10.1109/TVCG.2016.2598797","10.1109/INFVIS.2000.885091"
"10.1109/TVCG.2016.2598797","10.1109/TVCG.2011.185"
"10.1109/TVCG.2016.2598828","10.1109/TVCG.2011.185"
"10.1109/TVCG.2016.2598830","10.1109/TVCG.2010.181"
"10.1109/TVCG.2016.2598830","10.1109/TVCG.2008.153"
"10.1109/TVCG.2016.2598830","10.1109/INFVIS.1998.729559"
"10.1109/TVCG.2016.2598830","10.1109/VISUAL.1999.809866"
"10.1109/TVCG.2016.2598830","10.1109/INFVIS.2004.15"
"10.1109/TVCG.2016.2598831","10.1109/TVCG.2011.239"
"10.1109/TVCG.2016.2598831","10.1109/VISUAL.1991.175815"
"10.1109/TVCG.2016.2598831","10.1109/TVCG.2007.70582"
"10.1109/TVCG.2016.2598838","10.1109/TVCG.2008.125"
"10.1109/TVCG.2016.2599378","10.1109/INFVIS.2004.1"
"10.1109/VAST.2016.7883506","10.1109/TVCG.2011.185"
"10.1109/VAST.2016.7883507","10.1109/INFVIS.1995.528686"
"10.1109/VAST.2016.7883507","10.1109/VAST.2007.4389006"
"10.1109/VAST.2016.7883510","10.1109/TVCG.2007.70582"
"10.1109/VAST.2016.7883510","10.1109/INFVIS.2005.1532126"
"10.1109/VAST.2016.7883510","10.1109/TVCG.2011.185"
"10.1109/VAST.2016.7883511","10.1109/TVCG.2011.239"
"10.1109/VAST.2016.7883511","10.1109/INFVIS.2005.1532150"
"10.1109/VAST.2016.7883511","10.1109/TVCG.2009.111"
"10.1109/VAST.2016.7883512","10.1109/TVCG.2012.213"
"10.1109/VAST.2016.7883513","10.1109/INFVIS.2000.885091"
"10.1109/VAST.2016.7883514","10.1109/TVCG.2009.153"
"10.1109/VAST.2016.7883514","10.1109/INFVIS.1998.729559"
"10.1109/VAST.2016.7883514","10.1109/INFVIS.2005.1532142"
"10.1109/VAST.2016.7883515","10.1109/TVCG.2008.137"
"10.1109/VAST.2016.7883515","10.1109/VAST.2008.4677365"
"10.1109/VAST.2016.7883515","10.1109/VISUAL.2005.1532788"
"10.1109/VAST.2016.7883515","10.1109/TVCG.2013.124"
"10.1109/VAST.2016.7883515","10.1109/TVCG.2011.185"
"10.1109/VAST.2016.7883516","10.1109/TVCG.2008.153"
"10.1109/VAST.2016.7883517","10.1109/INFVIS.1999.801851"
"10.1109/VAST.2016.7883517","10.1109/INFVIS.2000.885098"
"10.1109/VAST.2016.7883517","10.1109/TVCG.2007.70515"
"10.1109/VAST.2016.7883517","10.1109/TVCG.2011.239"
"10.1109/VAST.2016.7883520","10.1109/VISUAL.1990.146402"
"10.1109/VAST.2016.7883520","10.1109/TVCG.2008.137"
"10.1109/VAST.2016.7883520","10.1109/VAST.2008.4677365"
"10.1109/VAST.2016.7883520","10.1109/TVCG.2013.124"
